Opened,Open,High,Low,Close,Volume
2019-05-12 23:00:00,187.12000000,187.18000000,186.48000000,186.67000000,333.11409000
2019-05-12 23:01:00,186.67000000,186.87000000,186.48000000,186.65000000,388.75803000
2019-05-12 23:02:00,186.66000000,186.79000000,186.28000000,186.32000000,359.31281000
2019-05-12 23:03:00,186.37000000,186.37000000,185.89000000,186.20000000,1057.76940000
2019-05-12 23:04:00,186.20000000,186.49000000,186.13000000,186.25000000,272.43077000
2019-05-12 23:05:00,186.26000000,186.34000000,185.51000000,185.55000000,283.34740000
2019-05-12 23:06:00,185.58000000,186.18000000,185.57000000,186.12000000,1278.74733000
2019-05-12 23:07:00,186.10000000,186.22000000,185.74000000,185.79000000,428.09819000
2019-05-12 23:08:00,185.79000000,185.81000000,185.55000000,185.72000000,223.94568000
2019-05-12 23:09:00,185.66000000,186.18000000,185.60000000,185.80000000,1085.48344000
2019-05-12 23:10:00,185.82000000,185.92000000,185.32000000,185.79000000,407.14598000
2019-05-12 23:11:00,185.76000000,186.29000000,185.76000000,185.97000000,653.44446000
2019-05-12 23:12:00,185.88000000,186.30000000,185.88000000,186.12000000,282.26771000
2019-05-12 23:13:00,186.24000000,186.36000000,186.10000000,186.29000000,184.36183000
2019-05-12 23:14:00,186.29000000,186.82000000,185.86000000,185.94000000,295.88983000
2019-05-12 23:15:00,185.99000000,186.13000000,185.84000000,185.97000000,316.16141000
2019-05-12 23:16:00,185.96000000,186.10000000,185.60000000,185.68000000,344.92596000
2019-05-12 23:17:00,185.76000000,186.06000000,185.54000000,185.60000000,448.70177000
2019-05-12 23:18:00,185.56000000,185.96000000,185.52000000,185.68000000,285.74340000
2019-05-12 23:19:00,185.65000000,186.08000000,185.61000000,185.76000000,492.17369000
2019-05-12 23:20:00,185.72000000,185.91000000,185.69000000,185.73000000,204.19079000
2019-05-12 23:21:00,185.74000000,186.31000000,185.70000000,186.28000000,317.30626000
2019-05-12 23:22:00,186.24000000,186.30000000,186.05000000,186.24000000,282.74741000
2019-05-12 23:23:00,186.31000000,186.40000000,186.00000000,186.06000000,209.49478000
2019-05-12 23:24:00,186.13000000,186.46000000,186.08000000,186.45000000,160.89477000
2019-05-12 23:25:00,186.44000000,186.59000000,186.22000000,186.26000000,196.77732000
2019-05-12 23:26:00,186.22000000,186.56000000,186.14000000,186.56000000,270.86741000
2019-05-12 23:27:00,186.27000000,186.75000000,186.27000000,186.48000000,327.84426000
2019-05-12 23:28:00,186.50000000,186.66000000,186.39000000,186.54000000,134.73464000
2019-05-12 23:29:00,186.55000000,187.00000000,186.44000000,186.69000000,534.04972000
2019-05-12 23:30:00,186.71000000,186.82000000,186.64000000,186.68000000,150.17554000
2019-05-12 23:31:00,186.67000000,186.79000000,186.57000000,186.72000000,200.38383000
2019-05-12 23:32:00,186.72000000,186.73000000,186.50000000,186.57000000,194.87645000
2019-05-12 23:33:00,186.61000000,186.80000000,186.50000000,186.79000000,216.38533000
2019-05-12 23:34:00,186.74000000,187.30000000,186.57000000,187.13000000,702.83800000
2019-05-12 23:35:00,187.13000000,187.63000000,187.11000000,187.55000000,343.57723000
2019-05-12 23:36:00,187.56000000,187.58000000,187.17000000,187.23000000,375.58172000
2019-05-12 23:37:00,187.16000000,187.60000000,187.16000000,187.53000000,352.99037000
2019-05-12 23:38:00,187.64000000,187.64000000,187.36000000,187.52000000,183.70861000
2019-05-12 23:39:00,187.52000000,187.65000000,187.35000000,187.57000000,225.56925000
2019-05-12 23:40:00,187.53000000,187.65000000,187.40000000,187.44000000,700.03855000
2019-05-12 23:41:00,187.48000000,187.52000000,187.16000000,187.18000000,275.17041000
2019-05-12 23:42:00,187.26000000,187.45000000,187.15000000,187.19000000,235.98362000
2019-05-12 23:43:00,187.26000000,187.33000000,187.15000000,187.15000000,127.59437000
2019-05-12 23:44:00,187.16000000,187.43000000,187.15000000,187.31000000,104.71481000
2019-05-12 23:45:00,187.40000000,187.46000000,187.25000000,187.25000000,97.98705000
2019-05-12 23:46:00,187.22000000,187.29000000,186.91000000,187.03000000,385.71660000
2019-05-12 23:47:00,187.06000000,187.16000000,186.88000000,186.95000000,117.63861000
2019-05-12 23:48:00,187.04000000,187.19000000,186.95000000,187.13000000,196.10856000
2019-05-12 23:49:00,187.12000000,187.22000000,187.03000000,187.15000000,107.13562000
2019-05-12 23:50:00,187.11000000,187.33000000,187.04000000,187.33000000,112.60541000
2019-05-12 23:51:00,187.30000000,187.40000000,187.16000000,187.23000000,191.46251000
2019-05-12 23:52:00,187.18000000,187.30000000,187.10000000,187.15000000,115.20320000
2019-05-12 23:53:00,187.20000000,187.31000000,187.20000000,187.27000000,80.03487000
2019-05-12 23:54:00,187.21000000,187.86000000,187.21000000,187.82000000,135.29904000
2019-05-12 23:55:00,187.82000000,187.96000000,187.56000000,187.71000000,652.98184000
2019-05-12 23:56:00,187.67000000,188.25000000,187.65000000,188.16000000,723.06205000
2019-05-12 23:57:00,188.16000000,188.40000000,188.05000000,188.35000000,480.23972000
2019-05-12 23:58:00,188.39000000,188.49000000,188.00000000,188.14000000,454.72722000
2019-05-12 23:59:00,188.09000000,188.38000000,188.05000000,188.11000000,140.58276000
2019-05-13 00:00:00,188.07000000,188.14000000,187.74000000,187.74000000,288.71294000
2019-05-13 00:01:00,187.74000000,187.98000000,187.29000000,187.64000000,552.94731000
2019-05-13 00:02:00,187.65000000,187.74000000,187.35000000,187.45000000,208.02631000
2019-05-13 00:03:00,187.35000000,187.55000000,187.00000000,187.02000000,194.14677000
2019-05-13 00:04:00,187.01000000,187.24000000,186.69000000,187.21000000,250.60893000
2019-05-13 00:05:00,187.17000000,187.23000000,186.73000000,186.75000000,253.98928000
2019-05-13 00:06:00,186.72000000,186.99000000,186.65000000,186.99000000,266.01379000
2019-05-13 00:07:00,186.96000000,187.03000000,186.55000000,186.67000000,196.10359000
2019-05-13 00:08:00,186.63000000,186.74000000,186.24000000,186.39000000,485.45011000
2019-05-13 00:09:00,186.35000000,186.51000000,186.29000000,186.50000000,142.47640000
2019-05-13 00:10:00,186.47000000,186.67000000,186.39000000,186.67000000,123.10608000
2019-05-13 00:11:00,186.72000000,186.85000000,186.62000000,186.73000000,226.01426000
2019-05-13 00:12:00,186.78000000,186.91000000,186.66000000,186.81000000,111.34976000
2019-05-13 00:13:00,186.85000000,186.94000000,186.82000000,186.89000000,146.86349000
2019-05-13 00:14:00,186.88000000,187.07000000,186.82000000,186.99000000,273.68198000
2019-05-13 00:15:00,186.99000000,187.07000000,186.96000000,187.05000000,163.05316000
2019-05-13 00:16:00,187.04000000,187.10000000,186.96000000,187.00000000,162.27094000
2019-05-13 00:17:00,186.99000000,187.07000000,186.96000000,186.99000000,119.35237000
2019-05-13 00:18:00,187.04000000,187.24000000,187.03000000,187.08000000,175.30492000
2019-05-13 00:19:00,187.22000000,187.26000000,187.11000000,187.16000000,148.09391000
2019-05-13 00:20:00,187.20000000,187.32000000,186.93000000,186.93000000,157.47762000
2019-05-13 00:21:00,187.00000000,187.03000000,186.69000000,186.75000000,118.56878000
2019-05-13 00:22:00,186.80000000,186.92000000,186.75000000,186.84000000,69.71538000
2019-05-13 00:23:00,186.82000000,186.88000000,186.46000000,186.48000000,130.00404000
2019-05-13 00:24:00,186.50000000,186.59000000,185.66000000,186.13000000,2138.78744000
2019-05-13 00:25:00,186.23000000,186.32000000,185.95000000,186.23000000,492.33159000
2019-05-13 00:26:00,186.19000000,186.29000000,185.64000000,185.95000000,339.36158000
2019-05-13 00:27:00,186.03000000,186.11000000,185.87000000,185.88000000,107.93339000
2019-05-13 00:28:00,185.88000000,185.92000000,185.32000000,185.77000000,492.17111000
2019-05-13 00:29:00,185.69000000,186.19000000,185.69000000,186.16000000,454.21207000
2019-05-13 00:30:00,186.23000000,186.58000000,186.02000000,186.51000000,487.74008000
2019-05-13 00:31:00,186.43000000,186.45000000,186.19000000,186.22000000,154.06788000
2019-05-13 00:32:00,186.20000000,186.59000000,186.19000000,186.53000000,218.34251000
2019-05-13 00:33:00,186.58000000,186.67000000,186.38000000,186.56000000,158.41848000
2019-05-13 00:34:00,186.56000000,186.64000000,186.40000000,186.56000000,196.17564000
2019-05-13 00:35:00,186.56000000,186.79000000,186.40000000,186.70000000,776.37370000
2019-05-13 00:36:00,186.70000000,187.12000000,186.68000000,187.06000000,516.47272000
2019-05-13 00:37:00,187.14000000,187.33000000,187.07000000,187.29000000,264.12616000
2019-05-13 00:38:00,187.29000000,187.56000000,187.25000000,187.53000000,719.22373000
2019-05-13 00:39:00,187.57000000,188.03000000,187.40000000,187.85000000,1055.55729000
2019-05-13 00:40:00,187.92000000,188.64000000,187.84000000,188.64000000,1418.10876000
2019-05-13 00:41:00,188.35000000,188.79000000,188.34000000,188.67000000,707.03714000
2019-05-13 00:42:00,188.73000000,189.00000000,188.71000000,188.92000000,220.46365000
2019-05-13 00:43:00,188.99000000,189.39000000,188.99000000,189.33000000,570.54751000
2019-05-13 00:44:00,189.28000000,189.30000000,188.62000000,188.74000000,831.57701000
2019-05-13 00:45:00,188.80000000,189.39000000,188.65000000,189.38000000,294.95871000
2019-05-13 00:46:00,189.38000000,189.82000000,189.37000000,189.72000000,433.88842000
2019-05-13 00:47:00,189.79000000,189.85000000,189.40000000,189.41000000,543.14677000
2019-05-13 00:48:00,189.40000000,189.76000000,189.31000000,189.63000000,746.80924000
2019-05-13 00:49:00,189.67000000,189.85000000,189.64000000,189.72000000,334.80992000
2019-05-13 00:50:00,189.80000000,189.83000000,189.51000000,189.64000000,250.45906000
2019-05-13 00:51:00,189.55000000,190.12000000,189.54000000,190.08000000,638.48575000
2019-05-13 00:52:00,190.06000000,190.07000000,189.76000000,189.83000000,289.13980000
2019-05-13 00:53:00,189.82000000,189.82000000,189.54000000,189.77000000,313.77002000
2019-05-13 00:54:00,189.75000000,190.48000000,189.74000000,190.22000000,915.81766000
2019-05-13 00:55:00,190.22000000,190.78000000,190.19000000,190.60000000,865.52436000
2019-05-13 00:56:00,190.60000000,190.72000000,190.04000000,190.05000000,1128.08673000
2019-05-13 00:57:00,190.08000000,190.20000000,189.96000000,189.96000000,839.50498000
2019-05-13 00:58:00,189.95000000,190.18000000,189.79000000,189.99000000,335.75438000
2019-05-13 00:59:00,190.05000000,190.36000000,189.97000000,190.14000000,441.15426000
2019-05-13 01:00:00,190.20000000,190.55000000,190.18000000,190.46000000,453.24294000
2019-05-13 01:01:00,190.34000000,190.68000000,190.32000000,190.60000000,282.10829000
2019-05-13 01:02:00,190.59000000,190.74000000,190.40000000,190.51000000,488.99942000
2019-05-13 01:03:00,190.45000000,190.50000000,190.23000000,190.38000000,575.16887000
2019-05-13 01:04:00,190.36000000,190.47000000,190.28000000,190.44000000,191.12350000
2019-05-13 01:05:00,190.38000000,190.60000000,190.32000000,190.38000000,554.66290000
2019-05-13 01:06:00,190.39000000,190.43000000,190.08000000,190.11000000,369.83867000
2019-05-13 01:07:00,190.10000000,190.10000000,189.63000000,189.69000000,265.21359000
2019-05-13 01:08:00,189.73000000,189.92000000,189.58000000,189.87000000,369.22971000
2019-05-13 01:09:00,189.80000000,189.80000000,189.56000000,189.68000000,127.81750000
2019-05-13 01:10:00,189.73000000,189.73000000,189.36000000,189.40000000,225.58504000
2019-05-13 01:11:00,189.48000000,189.61000000,189.28000000,189.50000000,376.09981000
2019-05-13 01:12:00,189.49000000,189.64000000,189.43000000,189.44000000,182.52546000
2019-05-13 01:13:00,189.44000000,189.78000000,189.44000000,189.75000000,308.60429000
2019-05-13 01:14:00,189.70000000,190.08000000,189.65000000,189.85000000,227.22921000
2019-05-13 01:15:00,189.85000000,190.43000000,189.78000000,190.38000000,343.33807000
2019-05-13 01:16:00,190.31000000,190.36000000,189.72000000,189.87000000,589.32577000
2019-05-13 01:17:00,189.87000000,190.16000000,189.65000000,190.03000000,475.84105000
2019-05-13 01:18:00,190.03000000,190.12000000,189.40000000,189.52000000,515.76867000
2019-05-13 01:19:00,189.62000000,189.62000000,189.28000000,189.31000000,323.32683000
2019-05-13 01:20:00,189.30000000,189.63000000,189.30000000,189.50000000,193.25652000
2019-05-13 01:21:00,189.58000000,189.58000000,189.23000000,189.38000000,239.82299000
2019-05-13 01:22:00,189.44000000,189.54000000,189.21000000,189.24000000,312.15871000
2019-05-13 01:23:00,189.22000000,189.40000000,189.14000000,189.34000000,149.85630000
2019-05-13 01:24:00,189.40000000,189.78000000,189.37000000,189.68000000,165.93779000
2019-05-13 01:25:00,189.66000000,189.77000000,189.55000000,189.60000000,125.77775000
2019-05-13 01:26:00,189.63000000,189.78000000,189.47000000,189.78000000,107.61017000
2019-05-13 01:27:00,189.72000000,189.80000000,189.56000000,189.80000000,178.18451000
2019-05-13 01:28:00,189.79000000,190.27000000,189.77000000,190.27000000,156.57546000
2019-05-13 01:29:00,190.41000000,190.62000000,190.27000000,190.46000000,410.96723000
2019-05-13 01:30:00,190.39000000,190.51000000,190.28000000,190.37000000,219.62500000
2019-05-13 01:31:00,190.40000000,190.47000000,190.33000000,190.46000000,232.10987000
2019-05-13 01:32:00,190.42000000,190.72000000,190.42000000,190.61000000,233.26092000
2019-05-13 01:33:00,190.65000000,190.88000000,190.62000000,190.87000000,580.60063000
2019-05-13 01:34:00,190.89000000,190.89000000,190.35000000,190.36000000,239.62376000
2019-05-13 01:35:00,190.42000000,190.56000000,190.19000000,190.19000000,189.32055000
2019-05-13 01:36:00,190.20000000,190.27000000,190.01000000,190.07000000,115.12812000
2019-05-13 01:37:00,190.06000000,190.21000000,190.00000000,190.17000000,170.58431000
2019-05-13 01:38:00,190.01000000,190.13000000,189.94000000,190.06000000,178.59359000
2019-05-13 01:39:00,190.08000000,190.16000000,190.02000000,190.14000000,129.92858000
2019-05-13 01:40:00,190.18000000,190.47000000,190.17000000,190.40000000,139.47364000
2019-05-13 01:41:00,190.41000000,190.74000000,190.39000000,190.64000000,142.16501000
2019-05-13 01:42:00,190.67000000,190.80000000,190.52000000,190.59000000,172.05714000
2019-05-13 01:43:00,190.57000000,190.57000000,190.37000000,190.37000000,78.12327000
2019-05-13 01:44:00,190.44000000,190.44000000,190.11000000,190.22000000,221.11420000
2019-05-13 01:45:00,190.20000000,190.54000000,190.18000000,190.54000000,137.38772000
2019-05-13 01:46:00,190.55000000,190.62000000,190.33000000,190.37000000,216.68422000
2019-05-13 01:47:00,190.33000000,190.50000000,190.13000000,190.19000000,376.88890000
2019-05-13 01:48:00,190.23000000,190.23000000,189.87000000,190.07000000,231.86055000
2019-05-13 01:49:00,190.02000000,190.04000000,189.70000000,189.85000000,200.77663000
2019-05-13 01:50:00,189.83000000,189.89000000,189.58000000,189.66000000,91.80959000
2019-05-13 01:51:00,189.61000000,189.80000000,189.55000000,189.55000000,108.36439000
2019-05-13 01:52:00,189.68000000,189.82000000,189.60000000,189.76000000,107.00454000
2019-05-13 01:53:00,189.76000000,189.76000000,189.62000000,189.73000000,167.15350000
2019-05-13 01:54:00,189.73000000,189.93000000,189.73000000,189.93000000,59.25546000
2019-05-13 01:55:00,189.91000000,190.14000000,189.91000000,189.97000000,75.25115000
2019-05-13 01:56:00,189.98000000,189.99000000,189.58000000,189.65000000,166.72685000
2019-05-13 01:57:00,189.63000000,189.76000000,189.34000000,189.61000000,176.31974000
2019-05-13 01:58:00,189.61000000,189.62000000,189.39000000,189.44000000,119.85160000
2019-05-13 01:59:00,189.40000000,189.73000000,189.32000000,189.64000000,192.47255000
2019-05-13 02:00:00,189.57000000,189.64000000,189.40000000,189.44000000,174.92916000
2019-05-13 02:01:00,189.40000000,189.41000000,189.15000000,189.34000000,195.22149000
2019-05-13 02:02:00,189.32000000,189.45000000,189.17000000,189.23000000,179.03414000
2019-05-13 02:03:00,189.24000000,189.33000000,188.97000000,188.97000000,174.47085000
2019-05-13 02:04:00,189.00000000,189.39000000,188.99000000,189.22000000,1535.38576000
2019-05-13 02:05:00,189.19000000,189.19000000,188.80000000,188.81000000,207.69437000
2019-05-13 02:06:00,188.81000000,188.81000000,188.70000000,188.72000000,312.21066000
2019-05-13 02:07:00,188.75000000,188.76000000,188.46000000,188.59000000,290.28845000
2019-05-13 02:08:00,188.62000000,188.78000000,188.51000000,188.77000000,383.78184000
2019-05-13 02:09:00,188.75000000,189.09000000,188.75000000,188.92000000,114.50165000
2019-05-13 02:10:00,188.90000000,189.07000000,188.88000000,188.98000000,83.92675000
2019-05-13 02:11:00,188.96000000,189.42000000,188.96000000,189.42000000,121.26949000
2019-05-13 02:12:00,189.34000000,189.40000000,189.06000000,189.14000000,260.55188000
2019-05-13 02:13:00,189.18000000,189.25000000,189.04000000,189.14000000,119.68873000
2019-05-13 02:14:00,189.13000000,189.34000000,189.13000000,189.34000000,67.78644000
2019-05-13 02:15:00,189.34000000,189.67000000,189.34000000,189.58000000,110.45816000
2019-05-13 02:16:00,189.61000000,189.93000000,189.56000000,189.88000000,344.03471000
2019-05-13 02:17:00,189.88000000,190.03000000,189.76000000,190.00000000,169.21201000
2019-05-13 02:18:00,190.00000000,190.01000000,189.75000000,189.75000000,94.74847000
2019-05-13 02:19:00,189.71000000,189.75000000,189.56000000,189.71000000,105.18694000
2019-05-13 02:20:00,189.71000000,189.91000000,189.63000000,189.87000000,169.69833000
2019-05-13 02:21:00,189.90000000,189.90000000,189.52000000,189.56000000,133.68981000
2019-05-13 02:22:00,189.56000000,189.70000000,189.46000000,189.64000000,129.15172000
2019-05-13 02:23:00,189.70000000,189.70000000,189.50000000,189.58000000,113.67748000
2019-05-13 02:24:00,189.56000000,189.62000000,189.47000000,189.52000000,123.15569000
2019-05-13 02:25:00,189.55000000,189.78000000,189.50000000,189.75000000,116.59794000
2019-05-13 02:26:00,189.74000000,189.80000000,189.57000000,189.57000000,38.16909000
2019-05-13 02:27:00,189.58000000,189.58000000,189.30000000,189.39000000,81.78683000
2019-05-13 02:28:00,189.31000000,189.43000000,189.29000000,189.36000000,87.72277000
2019-05-13 02:29:00,189.37000000,189.39000000,189.00000000,189.06000000,399.03470000
2019-05-13 02:30:00,189.08000000,189.16000000,188.99000000,189.09000000,198.82776000
2019-05-13 02:31:00,189.09000000,189.10000000,188.86000000,188.92000000,80.42574000
2019-05-13 02:32:00,188.92000000,189.06000000,188.79000000,189.01000000,207.40675000
2019-05-13 02:33:00,189.01000000,189.32000000,189.01000000,189.16000000,53.27528000
2019-05-13 02:34:00,189.16000000,189.16000000,188.79000000,188.83000000,120.27832000
2019-05-13 02:35:00,188.86000000,188.99000000,188.83000000,188.94000000,88.25075000
2019-05-13 02:36:00,188.98000000,189.17000000,188.97000000,189.11000000,105.86688000
2019-05-13 02:37:00,189.20000000,189.24000000,189.01000000,189.01000000,152.76595000
2019-05-13 02:38:00,188.99000000,189.05000000,188.89000000,188.89000000,58.52076000
2019-05-13 02:39:00,188.90000000,189.07000000,188.68000000,189.02000000,329.25320000
2019-05-13 02:40:00,188.94000000,189.07000000,188.79000000,188.91000000,164.09066000
2019-05-13 02:41:00,188.86000000,189.16000000,188.68000000,188.91000000,469.80217000
2019-05-13 02:42:00,188.90000000,189.20000000,188.86000000,189.00000000,307.08559000
2019-05-13 02:43:00,189.08000000,189.14000000,188.91000000,188.98000000,102.72892000
2019-05-13 02:44:00,189.01000000,189.12000000,188.95000000,189.00000000,82.18955000
2019-05-13 02:45:00,189.00000000,189.13000000,188.93000000,189.12000000,69.21429000
2019-05-13 02:46:00,189.10000000,189.17000000,188.94000000,189.12000000,224.35928000
2019-05-13 02:47:00,189.12000000,189.16000000,189.00000000,189.09000000,109.40035000
2019-05-13 02:48:00,189.14000000,189.29000000,189.03000000,189.18000000,76.88856000
2019-05-13 02:49:00,189.22000000,189.32000000,189.13000000,189.18000000,85.17006000
2019-05-13 02:50:00,189.13000000,189.25000000,189.07000000,189.11000000,142.82794000
2019-05-13 02:51:00,189.08000000,189.26000000,189.08000000,189.21000000,79.07406000
2019-05-13 02:52:00,189.19000000,189.24000000,189.04000000,189.04000000,87.39771000
2019-05-13 02:53:00,189.05000000,189.19000000,189.05000000,189.16000000,76.06452000
2019-05-13 02:54:00,189.17000000,189.27000000,189.15000000,189.26000000,117.23131000
2019-05-13 02:55:00,189.27000000,189.33000000,189.16000000,189.30000000,95.74010000
2019-05-13 02:56:00,189.30000000,189.33000000,189.15000000,189.28000000,296.92873000
2019-05-13 02:57:00,189.27000000,189.50000000,189.26000000,189.50000000,1045.69713000
2019-05-13 02:58:00,189.48000000,189.50000000,189.30000000,189.30000000,153.09405000
2019-05-13 02:59:00,189.30000000,189.39000000,189.18000000,189.31000000,1292.85927000
2019-05-13 03:00:00,189.34000000,189.36000000,189.27000000,189.30000000,194.23014000
2019-05-13 03:01:00,189.28000000,189.68000000,189.28000000,189.50000000,1336.43613000
2019-05-13 03:02:00,189.50000000,189.65000000,189.50000000,189.65000000,161.49648000
2019-05-13 03:03:00,189.61000000,189.71000000,189.50000000,189.66000000,124.69147000
2019-05-13 03:04:00,189.68000000,189.73000000,189.50000000,189.50000000,1084.94984000
2019-05-13 03:05:00,189.50000000,189.61000000,189.39000000,189.43000000,691.31693000
2019-05-13 03:06:00,189.43000000,189.58000000,189.33000000,189.41000000,367.10153000
2019-05-13 03:07:00,189.38000000,189.44000000,189.38000000,189.38000000,695.88007000
2019-05-13 03:08:00,189.38000000,189.50000000,189.38000000,189.48000000,236.51123000
2019-05-13 03:09:00,189.52000000,189.52000000,189.39000000,189.40000000,317.85431000
2019-05-13 03:10:00,189.44000000,189.50000000,189.14000000,189.20000000,769.68435000
2019-05-13 03:11:00,189.14000000,189.20000000,189.00000000,189.11000000,145.65560000
2019-05-13 03:12:00,189.09000000,189.09000000,188.86000000,188.86000000,242.69219000
2019-05-13 03:13:00,188.86000000,188.91000000,188.70000000,188.76000000,188.60411000
2019-05-13 03:14:00,188.76000000,188.79000000,188.43000000,188.43000000,238.21342000
2019-05-13 03:15:00,188.57000000,188.58000000,188.36000000,188.39000000,195.02765000
2019-05-13 03:16:00,188.41000000,188.65000000,188.41000000,188.60000000,152.19381000
2019-05-13 03:17:00,188.50000000,188.75000000,188.47000000,188.67000000,130.79075000
2019-05-13 03:18:00,188.66000000,188.73000000,188.51000000,188.53000000,165.90082000
2019-05-13 03:19:00,188.50000000,188.55000000,188.41000000,188.53000000,83.57714000
2019-05-13 03:20:00,188.52000000,188.58000000,188.47000000,188.54000000,127.84702000
2019-05-13 03:21:00,188.55000000,188.64000000,188.49000000,188.63000000,160.64261000
2019-05-13 03:22:00,188.62000000,188.78000000,188.60000000,188.76000000,101.17231000
2019-05-13 03:23:00,188.79000000,188.80000000,188.62000000,188.76000000,131.81978000
2019-05-13 03:24:00,188.81000000,189.01000000,188.75000000,189.00000000,338.69588000
2019-05-13 03:25:00,188.99000000,189.00000000,188.80000000,188.86000000,58.81066000
2019-05-13 03:26:00,188.87000000,189.27000000,188.85000000,189.14000000,327.30759000
2019-05-13 03:27:00,189.20000000,189.26000000,189.10000000,189.15000000,224.76740000
2019-05-13 03:28:00,189.15000000,189.28000000,189.14000000,189.26000000,97.22964000
2019-05-13 03:29:00,189.26000000,189.35000000,189.22000000,189.25000000,186.75282000
2019-05-13 03:30:00,189.25000000,189.32000000,189.20000000,189.20000000,130.59389000
2019-05-13 03:31:00,189.25000000,189.26000000,189.14000000,189.16000000,175.09494000
2019-05-13 03:32:00,189.20000000,189.39000000,189.14000000,189.14000000,160.56793000
2019-05-13 03:33:00,189.19000000,189.28000000,189.14000000,189.20000000,140.27697000
2019-05-13 03:34:00,189.16000000,189.16000000,188.87000000,188.97000000,221.51544000
2019-05-13 03:35:00,188.90000000,188.98000000,188.81000000,188.89000000,167.43292000
2019-05-13 03:36:00,188.88000000,188.96000000,188.80000000,188.82000000,189.26630000
2019-05-13 03:37:00,188.82000000,188.95000000,188.75000000,188.85000000,131.03488000
2019-05-13 03:38:00,188.93000000,188.99000000,188.78000000,188.80000000,139.93417000
2019-05-13 03:39:00,188.79000000,188.88000000,188.75000000,188.76000000,135.44492000
2019-05-13 03:40:00,188.79000000,188.86000000,188.75000000,188.81000000,100.71407000
2019-05-13 03:41:00,188.81000000,188.90000000,188.75000000,188.82000000,58.38140000
2019-05-13 03:42:00,188.78000000,188.98000000,188.78000000,188.98000000,79.29183000
2019-05-13 03:43:00,189.05000000,189.17000000,188.94000000,188.99000000,136.79729000
2019-05-13 03:44:00,188.99000000,189.11000000,188.97000000,188.98000000,113.58353000
2019-05-13 03:45:00,189.05000000,189.16000000,188.99000000,189.16000000,70.85013000
2019-05-13 03:46:00,189.17000000,189.40000000,189.12000000,189.34000000,52.04458000
2019-05-13 03:47:00,189.42000000,189.58000000,189.42000000,189.48000000,97.44463000
2019-05-13 03:48:00,189.53000000,189.62000000,189.41000000,189.44000000,148.87481000
2019-05-13 03:49:00,189.48000000,189.53000000,189.39000000,189.42000000,117.67944000
2019-05-13 03:50:00,189.43000000,189.60000000,189.39000000,189.50000000,56.34583000
2019-05-13 03:51:00,189.50000000,189.63000000,189.44000000,189.59000000,89.53523000
2019-05-13 03:52:00,189.54000000,189.62000000,189.45000000,189.49000000,93.79409000
2019-05-13 03:53:00,189.44000000,189.46000000,189.25000000,189.40000000,122.69841000
2019-05-13 03:54:00,189.41000000,189.42000000,189.24000000,189.24000000,96.16632000
2019-05-13 03:55:00,189.22000000,189.43000000,189.20000000,189.43000000,39.78512000
2019-05-13 03:56:00,189.42000000,189.50000000,189.33000000,189.48000000,140.73557000
2019-05-13 03:57:00,189.45000000,189.55000000,189.40000000,189.54000000,81.84133000
2019-05-13 03:58:00,189.49000000,189.61000000,189.49000000,189.56000000,72.72909000
2019-05-13 03:59:00,189.50000000,189.64000000,189.50000000,189.63000000,84.17351000
2019-05-13 04:00:00,189.64000000,189.74000000,189.53000000,189.73000000,144.63120000
2019-05-13 04:01:00,189.74000000,189.86000000,189.63000000,189.80000000,187.53155000
2019-05-13 04:02:00,189.83000000,189.87000000,189.76000000,189.85000000,359.24771000
2019-05-13 04:03:00,189.82000000,189.88000000,189.70000000,189.80000000,194.31065000
2019-05-13 04:04:00,189.77000000,189.77000000,189.50000000,189.58000000,364.40786000
2019-05-13 04:05:00,189.61000000,189.89000000,189.60000000,189.75000000,109.11797000
2019-05-13 04:06:00,189.72000000,189.84000000,189.72000000,189.83000000,80.46581000
2019-05-13 04:07:00,189.79000000,189.82000000,189.65000000,189.65000000,297.58808000
2019-05-13 04:08:00,189.66000000,189.75000000,189.58000000,189.74000000,119.43965000
2019-05-13 04:09:00,189.66000000,189.78000000,189.65000000,189.72000000,125.14981000
2019-05-13 04:10:00,189.76000000,189.89000000,189.71000000,189.77000000,91.21785000
2019-05-13 04:11:00,189.88000000,189.90000000,189.75000000,189.87000000,88.16891000
2019-05-13 04:12:00,189.80000000,189.86000000,189.67000000,189.72000000,63.69560000
2019-05-13 04:13:00,189.70000000,189.85000000,189.66000000,189.80000000,148.65727000
2019-05-13 04:14:00,189.76000000,189.90000000,189.71000000,189.80000000,282.56725000
2019-05-13 04:15:00,189.76000000,189.89000000,189.75000000,189.82000000,229.38221000
2019-05-13 04:16:00,189.89000000,190.01000000,189.82000000,189.96000000,343.22929000
2019-05-13 04:17:00,189.96000000,189.96000000,189.71000000,189.86000000,184.37616000
2019-05-13 04:18:00,189.79000000,189.98000000,189.79000000,189.98000000,236.50701000
2019-05-13 04:19:00,189.93000000,190.04000000,189.90000000,189.90000000,80.20399000
2019-05-13 04:20:00,189.91000000,190.04000000,189.90000000,189.93000000,48.59387000
2019-05-13 04:21:00,189.94000000,190.21000000,189.94000000,190.20000000,392.56854000
2019-05-13 04:22:00,190.10000000,190.25000000,190.04000000,190.25000000,156.46087000
2019-05-13 04:23:00,190.26000000,190.36000000,190.17000000,190.32000000,239.25508000
2019-05-13 04:24:00,190.36000000,190.50000000,190.25000000,190.38000000,143.54826000
2019-05-13 04:25:00,190.40000000,190.44000000,190.05000000,190.05000000,334.85180000
2019-05-13 04:26:00,190.10000000,190.29000000,190.07000000,190.26000000,95.93811000
2019-05-13 04:27:00,190.26000000,190.31000000,190.18000000,190.27000000,61.75421000
2019-05-13 04:28:00,190.20000000,190.25000000,190.06000000,190.17000000,97.50933000
2019-05-13 04:29:00,190.15000000,190.29000000,190.06000000,190.24000000,162.05322000
2019-05-13 04:30:00,190.17000000,190.25000000,190.12000000,190.20000000,101.81774000
2019-05-13 04:31:00,190.14000000,190.25000000,190.02000000,190.13000000,138.46205000
2019-05-13 04:32:00,190.14000000,190.19000000,189.98000000,190.07000000,86.39408000
2019-05-13 04:33:00,190.12000000,190.12000000,189.94000000,189.94000000,215.55854000
2019-05-13 04:34:00,190.07000000,190.24000000,190.00000000,190.18000000,107.72991000
2019-05-13 04:35:00,190.28000000,190.37000000,190.19000000,190.20000000,88.04371000
2019-05-13 04:36:00,190.23000000,190.31000000,190.17000000,190.18000000,98.30804000
2019-05-13 04:37:00,190.21000000,190.30000000,190.20000000,190.21000000,174.53786000
2019-05-13 04:38:00,190.29000000,190.51000000,190.22000000,190.45000000,235.38736000
2019-05-13 04:39:00,190.47000000,190.67000000,190.47000000,190.54000000,159.73621000
2019-05-13 04:40:00,190.54000000,190.60000000,190.48000000,190.60000000,77.52832000
2019-05-13 04:41:00,190.59000000,190.90000000,190.52000000,190.71000000,633.55572000
2019-05-13 04:42:00,190.71000000,190.96000000,190.71000000,190.84000000,293.72645000
2019-05-13 04:43:00,190.82000000,191.00000000,190.77000000,190.77000000,328.74370000
2019-05-13 04:44:00,190.88000000,190.92000000,190.77000000,190.78000000,157.03921000
2019-05-13 04:45:00,190.78000000,190.78000000,190.59000000,190.69000000,155.51529000
2019-05-13 04:46:00,190.65000000,190.77000000,190.65000000,190.75000000,182.85397000
2019-05-13 04:47:00,190.77000000,191.04000000,190.74000000,190.93000000,235.58663000
2019-05-13 04:48:00,190.97000000,191.40000000,190.96000000,191.36000000,308.90828000
2019-05-13 04:49:00,191.37000000,191.71000000,191.34000000,191.55000000,368.69114000
2019-05-13 04:50:00,191.56000000,191.74000000,191.50000000,191.62000000,275.02785000
2019-05-13 04:51:00,191.62000000,191.63000000,191.47000000,191.63000000,159.22754000
2019-05-13 04:52:00,191.66000000,191.74000000,191.60000000,191.74000000,118.68758000
2019-05-13 04:53:00,191.74000000,191.96000000,191.68000000,191.88000000,150.05923000
2019-05-13 04:54:00,191.90000000,192.20000000,191.88000000,192.19000000,618.14835000
2019-05-13 04:55:00,192.20000000,192.23000000,192.00000000,192.05000000,255.88135000
2019-05-13 04:56:00,192.11000000,192.40000000,192.01000000,192.40000000,434.50373000
2019-05-13 04:57:00,192.31000000,192.44000000,192.21000000,192.21000000,231.06098000
2019-05-13 04:58:00,192.21000000,192.44000000,192.13000000,192.24000000,333.38165000
2019-05-13 04:59:00,192.29000000,192.60000000,192.25000000,192.40000000,362.38726000
2019-05-13 05:00:00,192.39000000,192.64000000,192.23000000,192.49000000,591.52954000
2019-05-13 05:01:00,192.58000000,193.00000000,192.54000000,192.75000000,590.13959000
2019-05-13 05:02:00,192.85000000,192.93000000,192.37000000,192.38000000,632.28524000
2019-05-13 05:03:00,192.37000000,192.73000000,192.25000000,192.73000000,555.21762000
2019-05-13 05:04:00,192.73000000,192.82000000,192.33000000,192.41000000,493.25782000
2019-05-13 05:05:00,192.46000000,192.76000000,192.43000000,192.60000000,258.92775000
2019-05-13 05:06:00,192.64000000,192.79000000,192.51000000,192.69000000,208.12291000
2019-05-13 05:07:00,192.69000000,192.84000000,192.43000000,192.43000000,204.05136000
2019-05-13 05:08:00,192.43000000,192.44000000,191.81000000,191.82000000,450.87592000
2019-05-13 05:09:00,191.83000000,192.10000000,191.61000000,191.97000000,860.35265000
2019-05-13 05:10:00,191.97000000,192.06000000,191.67000000,191.77000000,380.39264000
2019-05-13 05:11:00,191.71000000,191.77000000,191.38000000,191.53000000,340.94725000
2019-05-13 05:12:00,191.49000000,191.61000000,191.37000000,191.41000000,212.59056000
2019-05-13 05:13:00,191.41000000,191.42000000,191.22000000,191.36000000,155.16014000
2019-05-13 05:14:00,191.28000000,191.45000000,191.21000000,191.38000000,239.18165000
2019-05-13 05:15:00,191.39000000,191.41000000,191.15000000,191.15000000,219.27171000
2019-05-13 05:16:00,191.19000000,191.27000000,191.00000000,191.17000000,753.25793000
2019-05-13 05:17:00,191.17000000,191.17000000,190.22000000,190.76000000,1150.64593000
2019-05-13 05:18:00,190.83000000,190.90000000,189.70000000,190.12000000,3197.32954000
2019-05-13 05:19:00,190.05000000,190.30000000,189.90000000,190.21000000,466.11443000
2019-05-13 05:20:00,190.20000000,190.57000000,190.13000000,190.44000000,590.75984000
2019-05-13 05:21:00,190.45000000,190.55000000,190.20000000,190.33000000,273.21092000
2019-05-13 05:22:00,190.33000000,190.37000000,190.10000000,190.18000000,259.11223000
2019-05-13 05:23:00,190.11000000,190.52000000,190.09000000,190.49000000,324.68872000
2019-05-13 05:24:00,190.49000000,190.71000000,190.48000000,190.71000000,250.86347000
2019-05-13 05:25:00,190.71000000,190.75000000,190.55000000,190.59000000,182.90705000
2019-05-13 05:26:00,190.58000000,190.69000000,190.33000000,190.38000000,237.10086000
2019-05-13 05:27:00,190.34000000,190.62000000,190.29000000,190.38000000,283.88373000
2019-05-13 05:28:00,190.31000000,190.76000000,190.26000000,190.69000000,328.79354000
2019-05-13 05:29:00,190.73000000,190.85000000,190.60000000,190.64000000,125.79097000
2019-05-13 05:30:00,190.62000000,190.72000000,190.53000000,190.60000000,231.82840000
2019-05-13 05:31:00,190.54000000,190.57000000,190.33000000,190.51000000,293.04290000
2019-05-13 05:32:00,190.49000000,190.63000000,190.41000000,190.61000000,143.18107000
2019-05-13 05:33:00,190.61000000,190.85000000,190.58000000,190.85000000,136.34700000
2019-05-13 05:34:00,190.86000000,190.97000000,190.79000000,190.89000000,206.73349000
2019-05-13 05:35:00,190.82000000,191.04000000,190.73000000,190.82000000,728.84438000
2019-05-13 05:36:00,190.76000000,190.86000000,190.67000000,190.68000000,173.29373000
2019-05-13 05:37:00,190.72000000,190.80000000,189.95000000,189.95000000,1334.00114000
2019-05-13 05:38:00,190.20000000,190.37000000,189.59000000,189.94000000,881.10207000
2019-05-13 05:39:00,189.96000000,189.96000000,189.28000000,189.82000000,1744.13490000
2019-05-13 05:40:00,189.71000000,189.87000000,189.29000000,189.75000000,912.28408000
2019-05-13 05:41:00,189.72000000,189.92000000,189.67000000,189.70000000,316.19674000
2019-05-13 05:42:00,189.75000000,190.14000000,189.69000000,190.11000000,311.00927000
2019-05-13 05:43:00,190.12000000,190.26000000,189.95000000,190.00000000,224.53005000
2019-05-13 05:44:00,190.03000000,190.05000000,189.92000000,190.03000000,179.80743000
2019-05-13 05:45:00,189.96000000,190.05000000,189.87000000,189.91000000,284.08662000
2019-05-13 05:46:00,189.98000000,190.04000000,189.84000000,190.04000000,252.97035000
2019-05-13 05:47:00,190.01000000,190.05000000,189.67000000,189.70000000,377.30172000
2019-05-13 05:48:00,189.70000000,189.97000000,189.57000000,189.96000000,73.45030000
2019-05-13 05:49:00,189.94000000,190.05000000,189.94000000,190.03000000,140.67860000
2019-05-13 05:50:00,190.03000000,190.05000000,189.80000000,189.87000000,202.06226000
2019-05-13 05:51:00,189.82000000,189.98000000,189.68000000,189.71000000,293.35548000
2019-05-13 05:52:00,189.83000000,189.90000000,189.71000000,189.83000000,114.20273000
2019-05-13 05:53:00,189.76000000,189.83000000,189.62000000,189.69000000,222.41569000
2019-05-13 05:54:00,189.69000000,189.84000000,189.65000000,189.83000000,172.69957000
2019-05-13 05:55:00,189.83000000,189.94000000,189.79000000,189.91000000,104.37555000
2019-05-13 05:56:00,189.94000000,189.99000000,189.75000000,189.75000000,461.34335000
2019-05-13 05:57:00,189.81000000,189.84000000,189.42000000,189.52000000,425.24707000
2019-05-13 05:58:00,189.52000000,189.81000000,189.03000000,189.64000000,724.27414000
2019-05-13 05:59:00,189.67000000,189.67000000,189.39000000,189.55000000,518.00767000
2019-05-13 06:00:00,189.57000000,189.96000000,189.51000000,189.68000000,276.03369000
2019-05-13 06:01:00,189.76000000,189.78000000,189.63000000,189.65000000,111.09368000
2019-05-13 06:02:00,189.66000000,189.89000000,189.63000000,189.87000000,163.21286000
2019-05-13 06:03:00,189.85000000,189.94000000,189.69000000,189.75000000,184.38357000
2019-05-13 06:04:00,189.80000000,189.86000000,189.69000000,189.82000000,132.65090000
2019-05-13 06:05:00,189.85000000,190.41000000,189.80000000,190.41000000,721.33530000
2019-05-13 06:06:00,190.40000000,190.40000000,190.14000000,190.20000000,121.61934000
2019-05-13 06:07:00,190.24000000,190.24000000,190.05000000,190.07000000,70.25568000
2019-05-13 06:08:00,190.05000000,190.24000000,190.01000000,190.24000000,102.67244000
2019-05-13 06:09:00,190.25000000,190.41000000,190.09000000,190.18000000,197.68361000
2019-05-13 06:10:00,190.17000000,190.18000000,189.78000000,189.78000000,326.61363000
2019-05-13 06:11:00,189.93000000,190.09000000,189.86000000,190.09000000,132.98248000
2019-05-13 06:12:00,189.99000000,190.00000000,189.90000000,190.00000000,59.77061000
2019-05-13 06:13:00,190.04000000,190.04000000,189.81000000,189.89000000,156.64217000
2019-05-13 06:14:00,189.86000000,189.91000000,189.76000000,189.89000000,95.78371000
2019-05-13 06:15:00,189.95000000,189.95000000,189.58000000,189.74000000,493.21783000
2019-05-13 06:16:00,189.74000000,189.79000000,189.52000000,189.52000000,273.56558000
2019-05-13 06:17:00,189.50000000,189.65000000,189.50000000,189.61000000,146.35104000
2019-05-13 06:18:00,189.49000000,189.53000000,189.29000000,189.38000000,317.10285000
2019-05-13 06:19:00,189.38000000,189.64000000,189.32000000,189.49000000,287.67907000
2019-05-13 06:20:00,189.51000000,189.59000000,189.23000000,189.38000000,216.53335000
2019-05-13 06:21:00,189.43000000,189.43000000,189.10000000,189.26000000,110.71944000
2019-05-13 06:22:00,189.34000000,189.53000000,189.27000000,189.48000000,283.90170000
2019-05-13 06:23:00,189.55000000,189.55000000,189.34000000,189.50000000,106.48117000
2019-05-13 06:24:00,189.49000000,189.58000000,189.36000000,189.48000000,90.43555000
2019-05-13 06:25:00,189.45000000,189.73000000,189.45000000,189.66000000,122.91689000
2019-05-13 06:26:00,189.65000000,189.99000000,189.64000000,189.88000000,361.09253000
2019-05-13 06:27:00,189.87000000,189.97000000,189.67000000,189.97000000,195.93545000
2019-05-13 06:28:00,189.95000000,190.10000000,189.91000000,190.03000000,225.75687000
2019-05-13 06:29:00,190.03000000,190.04000000,189.74000000,189.84000000,632.04821000
2019-05-13 06:30:00,189.82000000,189.93000000,189.78000000,189.89000000,144.87318000
2019-05-13 06:31:00,189.91000000,190.31000000,189.91000000,190.25000000,333.83768000
2019-05-13 06:32:00,190.23000000,190.39000000,190.16000000,190.27000000,180.61586000
2019-05-13 06:33:00,190.23000000,190.23000000,190.08000000,190.14000000,73.96192000
2019-05-13 06:34:00,190.20000000,190.39000000,190.20000000,190.33000000,100.51864000
2019-05-13 06:35:00,190.25000000,190.32000000,190.00000000,190.14000000,368.77609000
2019-05-13 06:36:00,190.11000000,190.22000000,190.04000000,190.12000000,94.48187000
2019-05-13 06:37:00,190.08000000,190.37000000,190.08000000,190.24000000,233.48020000
2019-05-13 06:38:00,190.22000000,190.29000000,190.14000000,190.22000000,124.57263000
2019-05-13 06:39:00,190.25000000,190.39000000,190.20000000,190.33000000,126.03357000
2019-05-13 06:40:00,190.31000000,190.39000000,190.28000000,190.34000000,115.18115000
2019-05-13 06:41:00,190.34000000,190.38000000,190.14000000,190.22000000,157.24509000
2019-05-13 06:42:00,190.26000000,190.38000000,190.19000000,190.32000000,103.87589000
2019-05-13 06:43:00,190.31000000,190.31000000,190.08000000,190.08000000,98.10003000
2019-05-13 06:44:00,190.17000000,190.20000000,190.01000000,190.06000000,135.66845000
2019-05-13 06:45:00,190.07000000,190.14000000,190.00000000,190.01000000,151.69365000
2019-05-13 06:46:00,190.01000000,190.12000000,189.92000000,190.04000000,93.24087000
2019-05-13 06:47:00,190.05000000,190.25000000,190.05000000,190.25000000,93.23706000
2019-05-13 06:48:00,190.26000000,190.37000000,190.18000000,190.18000000,111.39083000
2019-05-13 06:49:00,190.15000000,190.21000000,189.91000000,189.99000000,118.10411000
2019-05-13 06:50:00,189.99000000,190.00000000,189.73000000,189.73000000,193.62988000
2019-05-13 06:51:00,189.73000000,189.90000000,189.60000000,189.84000000,113.19253000
2019-05-13 06:52:00,189.80000000,189.91000000,189.73000000,189.77000000,77.29878000
2019-05-13 06:53:00,189.85000000,189.95000000,189.83000000,189.87000000,40.94192000
2019-05-13 06:54:00,189.91000000,190.00000000,189.86000000,189.95000000,40.98356000
2019-05-13 06:55:00,189.93000000,190.06000000,189.93000000,190.06000000,67.66485000
2019-05-13 06:56:00,190.05000000,190.05000000,189.82000000,189.93000000,131.36381000
2019-05-13 06:57:00,189.88000000,190.05000000,189.75000000,189.92000000,93.38176000
2019-05-13 06:58:00,189.95000000,190.13000000,189.85000000,189.96000000,200.16408000
2019-05-13 06:59:00,189.97000000,190.08000000,189.92000000,190.02000000,90.45351000
2019-05-13 07:00:00,190.00000000,190.08000000,189.90000000,189.90000000,178.72629000
2019-05-13 07:01:00,189.88000000,189.89000000,189.73000000,189.77000000,97.24560000
2019-05-13 07:02:00,189.75000000,189.75000000,189.67000000,189.70000000,97.12445000
2019-05-13 07:03:00,189.71000000,189.74000000,189.36000000,189.42000000,226.98494000
2019-05-13 07:04:00,189.43000000,189.56000000,189.17000000,189.33000000,380.91822000
2019-05-13 07:05:00,189.30000000,189.33000000,189.05000000,189.09000000,169.59196000
2019-05-13 07:06:00,189.05000000,189.07000000,188.84000000,188.97000000,400.05814000
2019-05-13 07:07:00,188.97000000,189.00000000,188.65000000,188.90000000,495.69927000
2019-05-13 07:08:00,188.89000000,189.10000000,188.87000000,189.00000000,851.20665000
2019-05-13 07:09:00,189.00000000,189.14000000,188.73000000,188.73000000,103.42376000
2019-05-13 07:10:00,188.79000000,188.92000000,188.65000000,188.87000000,218.66071000
2019-05-13 07:11:00,188.84000000,188.84000000,188.65000000,188.70000000,120.15328000
2019-05-13 07:12:00,188.66000000,188.90000000,188.63000000,188.86000000,151.09391000
2019-05-13 07:13:00,188.84000000,188.86000000,188.68000000,188.72000000,114.76619000
2019-05-13 07:14:00,188.69000000,188.69000000,188.36000000,188.57000000,965.31702000
2019-05-13 07:15:00,188.54000000,188.99000000,188.43000000,188.65000000,150.06638000
2019-05-13 07:16:00,188.74000000,188.81000000,188.54000000,188.61000000,68.89249000
2019-05-13 07:17:00,188.60000000,188.80000000,188.59000000,188.75000000,173.04054000
2019-05-13 07:18:00,188.77000000,188.95000000,188.54000000,188.75000000,612.99398000
2019-05-13 07:19:00,188.80000000,188.86000000,188.64000000,188.64000000,95.76197000
2019-05-13 07:20:00,188.61000000,188.67000000,188.45000000,188.64000000,104.90616000
2019-05-13 07:21:00,188.67000000,188.76000000,188.53000000,188.76000000,180.97749000
2019-05-13 07:22:00,188.76000000,188.80000000,188.67000000,188.67000000,193.03274000
2019-05-13 07:23:00,188.67000000,188.77000000,188.65000000,188.65000000,120.59937000
2019-05-13 07:24:00,188.65000000,188.75000000,188.59000000,188.59000000,171.58728000
2019-05-13 07:25:00,188.67000000,188.80000000,188.63000000,188.80000000,202.78088000
2019-05-13 07:26:00,188.90000000,188.92000000,188.65000000,188.65000000,546.80225000
2019-05-13 07:27:00,188.68000000,188.68000000,188.36000000,188.45000000,235.00852000
2019-05-13 07:28:00,188.44000000,188.46000000,188.20000000,188.30000000,297.97008000
2019-05-13 07:29:00,188.33000000,188.37000000,188.17000000,188.33000000,144.69316000
2019-05-13 07:30:00,188.34000000,188.56000000,187.80000000,187.93000000,476.30344000
2019-05-13 07:31:00,187.89000000,188.26000000,187.82000000,188.11000000,714.68453000
2019-05-13 07:32:00,188.12000000,188.12000000,187.68000000,187.84000000,233.02345000
2019-05-13 07:33:00,187.80000000,187.84000000,187.51000000,187.84000000,287.82924000
2019-05-13 07:34:00,187.83000000,187.99000000,187.64000000,187.79000000,234.18632000
2019-05-13 07:35:00,187.79000000,187.89000000,187.55000000,187.61000000,302.29015000
2019-05-13 07:36:00,187.61000000,187.68000000,187.52000000,187.57000000,198.79298000
2019-05-13 07:37:00,187.56000000,187.97000000,187.54000000,187.90000000,257.15841000
2019-05-13 07:38:00,187.81000000,187.88000000,187.64000000,187.75000000,123.41081000
2019-05-13 07:39:00,187.70000000,188.03000000,187.70000000,187.90000000,142.35198000
2019-05-13 07:40:00,187.95000000,188.10000000,187.95000000,188.09000000,277.00281000
2019-05-13 07:41:00,188.09000000,188.09000000,187.69000000,187.85000000,542.82190000
2019-05-13 07:42:00,187.85000000,187.85000000,187.53000000,187.62000000,173.18930000
2019-05-13 07:43:00,187.63000000,187.80000000,187.56000000,187.58000000,111.49188000
2019-05-13 07:44:00,187.60000000,187.64000000,187.12000000,187.12000000,339.58021000
2019-05-13 07:45:00,187.10000000,187.31000000,187.00000000,187.31000000,1125.36840000
2019-05-13 07:46:00,187.44000000,187.70000000,187.30000000,187.60000000,343.09568000
2019-05-13 07:47:00,187.56000000,188.00000000,187.56000000,187.96000000,129.14149000
2019-05-13 07:48:00,188.00000000,188.14000000,187.84000000,187.84000000,142.09551000
2019-05-13 07:49:00,187.87000000,188.05000000,187.86000000,188.02000000,85.95020000
2019-05-13 07:50:00,188.03000000,188.20000000,187.94000000,188.14000000,154.04143000
2019-05-13 07:51:00,188.13000000,188.13000000,187.92000000,188.05000000,96.33449000
2019-05-13 07:52:00,188.07000000,188.32000000,188.06000000,188.23000000,93.06065000
2019-05-13 07:53:00,188.23000000,188.37000000,188.21000000,188.30000000,92.60341000
2019-05-13 07:54:00,188.23000000,188.23000000,187.92000000,188.01000000,232.44974000
2019-05-13 07:55:00,187.97000000,188.03000000,187.81000000,187.88000000,131.74981000
2019-05-13 07:56:00,187.88000000,187.88000000,187.73000000,187.75000000,126.79948000
2019-05-13 07:57:00,187.74000000,187.79000000,187.50000000,187.50000000,153.32077000
2019-05-13 07:58:00,187.50000000,187.59000000,187.42000000,187.59000000,297.89175000
2019-05-13 07:59:00,187.54000000,187.87000000,187.40000000,187.58000000,653.68032000
2019-05-13 08:00:00,187.55000000,187.65000000,187.53000000,187.65000000,468.31901000
2019-05-13 08:01:00,187.64000000,187.84000000,187.55000000,187.65000000,156.94494000
2019-05-13 08:02:00,187.62000000,187.64000000,187.55000000,187.59000000,73.88368000
2019-05-13 08:03:00,187.59000000,187.59000000,187.30000000,187.32000000,207.07853000
2019-05-13 08:04:00,187.28000000,187.53000000,187.28000000,187.44000000,261.38825000
2019-05-13 08:05:00,187.52000000,187.68000000,187.34000000,187.62000000,208.65272000
2019-05-13 08:06:00,187.61000000,187.68000000,187.37000000,187.38000000,132.05998000
2019-05-13 08:07:00,187.33000000,187.47000000,187.20000000,187.20000000,158.64381000
2019-05-13 08:08:00,187.20000000,187.44000000,187.12000000,187.25000000,148.71246000
2019-05-13 08:09:00,187.27000000,187.29000000,187.10000000,187.21000000,111.48204000
2019-05-13 08:10:00,187.27000000,187.28000000,187.05000000,187.05000000,143.51100000
2019-05-13 08:11:00,187.13000000,187.13000000,186.82000000,186.85000000,523.14273000
2019-05-13 08:12:00,186.91000000,187.12000000,186.74000000,187.12000000,477.81689000
2019-05-13 08:13:00,187.07000000,187.31000000,187.00000000,187.05000000,124.42774000
2019-05-13 08:14:00,187.07000000,187.12000000,186.93000000,186.95000000,108.31119000
2019-05-13 08:15:00,186.98000000,187.00000000,186.56000000,186.80000000,406.56967000
2019-05-13 08:16:00,186.79000000,187.08000000,186.62000000,186.98000000,291.62518000
2019-05-13 08:17:00,186.98000000,187.00000000,186.72000000,186.78000000,135.41485000
2019-05-13 08:18:00,186.88000000,186.88000000,186.36000000,186.57000000,435.00574000
2019-05-13 08:19:00,186.64000000,186.65000000,186.37000000,186.60000000,387.54859000
2019-05-13 08:20:00,186.54000000,186.90000000,186.50000000,186.79000000,148.69083000
2019-05-13 08:21:00,186.78000000,186.96000000,186.58000000,186.69000000,336.64746000
2019-05-13 08:22:00,186.79000000,187.08000000,186.67000000,187.08000000,452.51951000
2019-05-13 08:23:00,187.06000000,187.27000000,186.93000000,187.01000000,224.28948000
2019-05-13 08:24:00,187.09000000,187.49000000,187.06000000,187.35000000,159.88511000
2019-05-13 08:25:00,187.43000000,187.56000000,187.39000000,187.54000000,109.75958000
2019-05-13 08:26:00,187.51000000,187.51000000,187.15000000,187.15000000,166.04669000
2019-05-13 08:27:00,187.14000000,187.56000000,187.11000000,187.49000000,223.63248000
2019-05-13 08:28:00,187.53000000,187.67000000,187.42000000,187.59000000,171.68434000
2019-05-13 08:29:00,187.63000000,187.69000000,187.46000000,187.56000000,130.68681000
2019-05-13 08:30:00,187.53000000,187.68000000,187.39000000,187.65000000,211.92899000
2019-05-13 08:31:00,187.65000000,187.72000000,187.58000000,187.72000000,137.87739000
2019-05-13 08:32:00,187.72000000,188.15000000,187.64000000,188.00000000,370.89599000
2019-05-13 08:33:00,188.09000000,188.29000000,187.88000000,188.17000000,437.73560000
2019-05-13 08:34:00,188.19000000,188.29000000,188.03000000,188.20000000,273.87959000
2019-05-13 08:35:00,188.28000000,188.38000000,186.00000000,187.21000000,3055.97890000
2019-05-13 08:36:00,187.21000000,187.61000000,187.20000000,187.56000000,333.42263000
2019-05-13 08:37:00,187.56000000,187.82000000,187.52000000,187.73000000,190.76192000
2019-05-13 08:38:00,187.70000000,187.82000000,187.28000000,187.38000000,363.91651000
2019-05-13 08:39:00,187.33000000,187.42000000,186.96000000,186.98000000,322.22482000
2019-05-13 08:40:00,187.01000000,187.19000000,186.80000000,186.96000000,265.12598000
2019-05-13 08:41:00,186.88000000,187.38000000,186.80000000,187.23000000,188.51706000
2019-05-13 08:42:00,187.26000000,187.32000000,187.05000000,187.09000000,111.94448000
2019-05-13 08:43:00,187.06000000,187.49000000,187.06000000,187.43000000,105.24882000
2019-05-13 08:44:00,187.44000000,187.50000000,187.33000000,187.43000000,70.43586000
2019-05-13 08:45:00,187.45000000,187.81000000,187.45000000,187.76000000,212.66703000
2019-05-13 08:46:00,187.70000000,187.80000000,187.60000000,187.79000000,162.18867000
2019-05-13 08:47:00,187.78000000,188.09000000,187.73000000,188.00000000,159.55878000
2019-05-13 08:48:00,188.00000000,188.04000000,187.75000000,187.81000000,921.48764000
2019-05-13 08:49:00,187.87000000,187.87000000,187.67000000,187.70000000,101.24195000
2019-05-13 08:50:00,187.78000000,187.78000000,187.67000000,187.77000000,141.73165000
2019-05-13 08:51:00,187.75000000,187.84000000,187.60000000,187.80000000,120.21770000
2019-05-13 08:52:00,187.80000000,187.80000000,187.60000000,187.65000000,122.51213000
2019-05-13 08:53:00,187.65000000,187.72000000,187.58000000,187.72000000,82.84758000
2019-05-13 08:54:00,187.77000000,187.82000000,187.63000000,187.79000000,101.10142000
2019-05-13 08:55:00,187.82000000,188.02000000,187.82000000,187.97000000,296.89581000
2019-05-13 08:56:00,187.88000000,187.99000000,187.72000000,187.76000000,120.89816000
2019-05-13 08:57:00,187.73000000,187.73000000,187.55000000,187.61000000,321.59964000
2019-05-13 08:58:00,187.67000000,187.73000000,187.65000000,187.70000000,116.79564000
2019-05-13 08:59:00,187.70000000,187.75000000,187.55000000,187.60000000,216.94720000
2019-05-13 09:00:00,187.56000000,187.75000000,187.55000000,187.73000000,163.38842000
2019-05-13 09:01:00,187.74000000,188.28000000,187.67000000,188.11000000,507.60753000
2019-05-13 09:02:00,188.10000000,188.28000000,188.01000000,188.25000000,184.68937000
2019-05-13 09:03:00,188.29000000,188.39000000,188.27000000,188.33000000,288.58687000
2019-05-13 09:04:00,188.34000000,188.60000000,188.32000000,188.46000000,424.33004000
2019-05-13 09:05:00,188.51000000,188.68000000,188.41000000,188.51000000,228.90378000
2019-05-13 09:06:00,188.50000000,188.55000000,188.40000000,188.50000000,97.83551000
2019-05-13 09:07:00,188.54000000,188.73000000,188.50000000,188.72000000,126.69535000
2019-05-13 09:08:00,188.72000000,188.76000000,188.60000000,188.63000000,128.94118000
2019-05-13 09:09:00,188.62000000,188.71000000,188.61000000,188.70000000,90.21804000
2019-05-13 09:10:00,188.70000000,189.09000000,188.69000000,189.09000000,138.60038000
2019-05-13 09:11:00,189.09000000,189.15000000,188.82000000,188.98000000,187.26227000
2019-05-13 09:12:00,188.98000000,189.22000000,188.96000000,189.10000000,409.81581000
2019-05-13 09:13:00,189.08000000,189.20000000,188.82000000,188.82000000,136.55793000
2019-05-13 09:14:00,188.82000000,189.18000000,188.77000000,189.06000000,165.35675000
2019-05-13 09:15:00,189.00000000,189.07000000,188.81000000,188.93000000,251.79970000
2019-05-13 09:16:00,188.93000000,188.94000000,188.67000000,188.87000000,184.62708000
2019-05-13 09:17:00,188.82000000,188.82000000,188.68000000,188.81000000,87.52773000
2019-05-13 09:18:00,188.81000000,188.83000000,188.58000000,188.58000000,125.15569000
2019-05-13 09:19:00,188.60000000,188.61000000,188.49000000,188.58000000,139.51254000
2019-05-13 09:20:00,188.59000000,188.59000000,188.41000000,188.42000000,92.79950000
2019-05-13 09:21:00,188.46000000,188.60000000,188.45000000,188.52000000,78.09364000
2019-05-13 09:22:00,188.48000000,188.53000000,188.36000000,188.44000000,140.02199000
2019-05-13 09:23:00,188.44000000,188.61000000,188.34000000,188.55000000,110.11168000
2019-05-13 09:24:00,188.52000000,188.62000000,188.45000000,188.54000000,93.42044000
2019-05-13 09:25:00,188.42000000,189.00000000,188.42000000,188.69000000,513.54616000
2019-05-13 09:26:00,188.69000000,188.70000000,188.61000000,188.68000000,105.62464000
2019-05-13 09:27:00,188.62000000,188.73000000,188.50000000,188.61000000,181.38717000
2019-05-13 09:28:00,188.61000000,188.75000000,188.61000000,188.66000000,105.71177000
2019-05-13 09:29:00,188.66000000,188.75000000,188.66000000,188.68000000,45.35467000
2019-05-13 09:30:00,188.65000000,188.73000000,188.62000000,188.68000000,94.97879000
2019-05-13 09:31:00,188.65000000,188.73000000,188.61000000,188.70000000,180.03911000
2019-05-13 09:32:00,188.73000000,188.74000000,188.61000000,188.61000000,111.82132000
2019-05-13 09:33:00,188.61000000,188.85000000,188.61000000,188.85000000,162.40473000
2019-05-13 09:34:00,188.78000000,188.89000000,188.28000000,188.68000000,749.09451000
2019-05-13 09:35:00,188.68000000,189.00000000,188.64000000,188.69000000,439.03019000
2019-05-13 09:36:00,188.69000000,189.06000000,188.69000000,189.06000000,122.13671000
2019-05-13 09:37:00,188.97000000,188.99000000,188.71000000,188.86000000,216.62433000
2019-05-13 09:38:00,188.91000000,189.03000000,188.76000000,188.92000000,207.88024000
2019-05-13 09:39:00,188.89000000,188.95000000,188.70000000,188.92000000,168.29698000
2019-05-13 09:40:00,188.86000000,188.88000000,188.73000000,188.85000000,65.05850000
2019-05-13 09:41:00,188.93000000,189.16000000,188.90000000,189.07000000,131.61611000
2019-05-13 09:42:00,189.01000000,189.09000000,188.77000000,189.00000000,378.47448000
2019-05-13 09:43:00,189.10000000,189.22000000,189.06000000,189.12000000,97.36853000
2019-05-13 09:44:00,189.17000000,189.24000000,189.12000000,189.18000000,82.98902000
2019-05-13 09:45:00,189.19000000,189.30000000,189.17000000,189.27000000,145.99005000
2019-05-13 09:46:00,189.30000000,189.77000000,189.27000000,189.67000000,498.65046000
2019-05-13 09:47:00,189.65000000,189.71000000,189.41000000,189.41000000,159.11818000
2019-05-13 09:48:00,189.45000000,189.56000000,189.21000000,189.34000000,208.51769000
2019-05-13 09:49:00,189.40000000,189.41000000,189.22000000,189.28000000,122.72933000
2019-05-13 09:50:00,189.25000000,189.25000000,189.03000000,189.16000000,170.61812000
2019-05-13 09:51:00,189.06000000,189.18000000,188.98000000,189.00000000,115.65040000
2019-05-13 09:52:00,189.03000000,189.13000000,188.96000000,189.04000000,83.55652000
2019-05-13 09:53:00,189.04000000,189.40000000,188.99000000,189.32000000,243.66169000
2019-05-13 09:54:00,189.26000000,189.50000000,189.26000000,189.49000000,216.80584000
2019-05-13 09:55:00,189.50000000,189.63000000,189.45000000,189.53000000,79.66877000
2019-05-13 09:56:00,189.52000000,189.55000000,189.17000000,189.28000000,102.42036000
2019-05-13 09:57:00,189.18000000,189.31000000,189.11000000,189.30000000,60.22652000
2019-05-13 09:58:00,189.30000000,189.50000000,189.25000000,189.50000000,128.92389000
2019-05-13 09:59:00,189.50000000,189.55000000,189.32000000,189.35000000,132.63864000
2019-05-13 10:00:00,189.36000000,189.55000000,189.33000000,189.47000000,167.99389000
2019-05-13 10:01:00,189.46000000,189.52000000,189.43000000,189.48000000,83.98395000
2019-05-13 10:02:00,189.49000000,189.52000000,189.37000000,189.49000000,108.50058000
2019-05-13 10:03:00,189.49000000,189.54000000,189.42000000,189.52000000,59.91752000
2019-05-13 10:04:00,189.49000000,189.52000000,189.33000000,189.33000000,81.57373000
2019-05-13 10:05:00,189.33000000,189.41000000,189.19000000,189.19000000,113.86344000
2019-05-13 10:06:00,189.20000000,189.26000000,188.88000000,189.04000000,144.54040000
2019-05-13 10:07:00,189.06000000,189.12000000,188.89000000,188.90000000,77.11434000
2019-05-13 10:08:00,188.88000000,188.99000000,188.75000000,188.95000000,114.93826000
2019-05-13 10:09:00,188.96000000,189.07000000,188.86000000,188.91000000,96.36088000
2019-05-13 10:10:00,189.01000000,189.02000000,188.73000000,188.93000000,181.18355000
2019-05-13 10:11:00,188.91000000,188.91000000,188.55000000,188.61000000,192.31833000
2019-05-13 10:12:00,188.73000000,188.86000000,188.64000000,188.77000000,89.79633000
2019-05-13 10:13:00,188.78000000,188.80000000,188.13000000,188.18000000,351.74539000
2019-05-13 10:14:00,188.23000000,188.38000000,188.14000000,188.18000000,261.26655000
2019-05-13 10:15:00,188.18000000,188.27000000,188.13000000,188.16000000,148.43988000
2019-05-13 10:16:00,188.13000000,188.40000000,188.05000000,188.40000000,147.60249000
2019-05-13 10:17:00,188.40000000,188.51000000,188.29000000,188.35000000,602.34926000
2019-05-13 10:18:00,188.34000000,188.50000000,188.22000000,188.30000000,367.55987000
2019-05-13 10:19:00,188.42000000,188.43000000,188.23000000,188.39000000,103.41262000
2019-05-13 10:20:00,188.43000000,188.72000000,188.39000000,188.70000000,125.15091000
2019-05-13 10:21:00,188.70000000,188.75000000,188.47000000,188.48000000,94.66862000
2019-05-13 10:22:00,188.51000000,188.77000000,188.51000000,188.54000000,104.73880000
2019-05-13 10:23:00,188.56000000,188.82000000,188.56000000,188.82000000,54.31643000
2019-05-13 10:24:00,188.78000000,189.00000000,188.78000000,189.00000000,46.78375000
2019-05-13 10:25:00,188.99000000,189.07000000,188.64000000,188.64000000,140.82706000
2019-05-13 10:26:00,188.64000000,188.75000000,188.64000000,188.68000000,68.03738000
2019-05-13 10:27:00,188.64000000,188.91000000,188.61000000,188.90000000,99.77677000
2019-05-13 10:28:00,188.90000000,189.02000000,188.57000000,188.69000000,135.71389000
2019-05-13 10:29:00,188.69000000,188.79000000,188.61000000,188.79000000,114.69473000
2019-05-13 10:30:00,188.86000000,188.97000000,188.78000000,188.82000000,64.37692000
2019-05-13 10:31:00,188.82000000,189.09000000,188.81000000,189.02000000,68.19356000
2019-05-13 10:32:00,189.00000000,189.10000000,188.98000000,189.10000000,59.28386000
2019-05-13 10:33:00,189.12000000,189.25000000,189.04000000,189.05000000,104.70586000
2019-05-13 10:34:00,189.00000000,189.10000000,188.80000000,188.83000000,159.91142000
2019-05-13 10:35:00,188.88000000,189.18000000,188.88000000,188.95000000,69.26315000
2019-05-13 10:36:00,189.03000000,189.13000000,188.97000000,189.08000000,83.03289000
2019-05-13 10:37:00,189.14000000,189.25000000,189.01000000,189.09000000,109.90992000
2019-05-13 10:38:00,189.11000000,189.21000000,189.00000000,189.17000000,81.11849000
2019-05-13 10:39:00,189.14000000,189.35000000,189.01000000,189.28000000,302.70351000
2019-05-13 10:40:00,189.27000000,189.42000000,189.20000000,189.28000000,90.15741000
2019-05-13 10:41:00,189.42000000,189.45000000,189.29000000,189.34000000,126.52464000
2019-05-13 10:42:00,189.38000000,189.38000000,189.20000000,189.22000000,61.06119000
2019-05-13 10:43:00,189.21000000,189.45000000,189.21000000,189.42000000,90.43180000
2019-05-13 10:44:00,189.45000000,189.53000000,189.42000000,189.53000000,290.46584000
2019-05-13 10:45:00,189.52000000,189.77000000,189.45000000,189.54000000,324.70107000
2019-05-13 10:46:00,189.52000000,189.56000000,189.34000000,189.36000000,62.74132000
2019-05-13 10:47:00,189.44000000,189.48000000,189.29000000,189.35000000,77.09658000
2019-05-13 10:48:00,189.36000000,189.39000000,189.22000000,189.28000000,102.84554000
2019-05-13 10:49:00,189.26000000,189.33000000,189.12000000,189.26000000,50.61883000
2019-05-13 10:50:00,189.32000000,189.40000000,189.18000000,189.25000000,111.03670000
2019-05-13 10:51:00,189.26000000,189.26000000,189.12000000,189.17000000,43.61630000
2019-05-13 10:52:00,189.21000000,189.45000000,189.21000000,189.44000000,81.01887000
2019-05-13 10:53:00,189.45000000,189.64000000,189.33000000,189.62000000,107.47693000
2019-05-13 10:54:00,189.64000000,189.71000000,189.53000000,189.58000000,96.31077000
2019-05-13 10:55:00,189.61000000,189.74000000,189.60000000,189.72000000,275.38273000
2019-05-13 10:56:00,189.73000000,189.94000000,189.71000000,189.90000000,221.47838000
2019-05-13 10:57:00,189.82000000,189.82000000,189.69000000,189.82000000,222.60363000
2019-05-13 10:58:00,189.81000000,189.94000000,189.76000000,189.85000000,108.05241000
2019-05-13 10:59:00,189.85000000,189.98000000,189.77000000,189.98000000,211.74452000
2019-05-13 11:00:00,189.97000000,190.21000000,189.96000000,190.21000000,253.02395000
2019-05-13 11:01:00,190.22000000,190.27000000,190.05000000,190.06000000,206.35160000
2019-05-13 11:02:00,190.07000000,190.09000000,189.79000000,189.87000000,82.19529000
2019-05-13 11:03:00,189.90000000,189.97000000,189.80000000,189.81000000,135.81168000
2019-05-13 11:04:00,189.85000000,189.86000000,189.65000000,189.73000000,172.28304000
2019-05-13 11:05:00,189.76000000,189.81000000,189.49000000,189.72000000,155.37063000
2019-05-13 11:06:00,189.65000000,189.86000000,189.61000000,189.83000000,64.49508000
2019-05-13 11:07:00,189.83000000,189.83000000,189.40000000,189.43000000,350.79071000
2019-05-13 11:08:00,189.50000000,189.57000000,189.43000000,189.52000000,119.15206000
2019-05-13 11:09:00,189.53000000,189.71000000,189.51000000,189.56000000,88.42162000
2019-05-13 11:10:00,189.56000000,189.56000000,189.37000000,189.47000000,81.79569000
2019-05-13 11:11:00,189.47000000,189.65000000,189.38000000,189.65000000,85.27988000
2019-05-13 11:12:00,189.72000000,189.72000000,189.50000000,189.55000000,57.02426000
2019-05-13 11:13:00,189.61000000,189.75000000,189.45000000,189.74000000,98.49179000
2019-05-13 11:14:00,189.76000000,189.83000000,189.67000000,189.83000000,100.62626000
2019-05-13 11:15:00,189.89000000,189.92000000,189.83000000,189.88000000,109.44381000
2019-05-13 11:16:00,189.91000000,189.96000000,189.78000000,189.96000000,85.31994000
2019-05-13 11:17:00,189.95000000,189.98000000,189.84000000,189.96000000,62.38258000
2019-05-13 11:18:00,189.97000000,190.04000000,189.92000000,189.96000000,64.29218000
2019-05-13 11:19:00,189.95000000,190.20000000,189.91000000,190.11000000,258.92604000
2019-05-13 11:20:00,190.16000000,190.57000000,190.16000000,190.55000000,593.83534000
2019-05-13 11:21:00,190.58000000,190.72000000,190.50000000,190.64000000,477.64885000
2019-05-13 11:22:00,190.67000000,190.71000000,190.23000000,190.32000000,240.56958000
2019-05-13 11:23:00,190.32000000,190.45000000,190.23000000,190.37000000,177.30758000
2019-05-13 11:24:00,190.43000000,190.64000000,190.37000000,190.63000000,135.94449000
2019-05-13 11:25:00,190.62000000,190.93000000,190.62000000,190.74000000,444.20667000
2019-05-13 11:26:00,190.75000000,190.90000000,190.53000000,190.56000000,714.90708000
2019-05-13 11:27:00,190.55000000,190.65000000,190.31000000,190.32000000,340.92598000
2019-05-13 11:28:00,190.32000000,190.78000000,190.32000000,190.78000000,157.72562000
2019-05-13 11:29:00,190.67000000,190.89000000,190.13000000,190.73000000,560.69376000
2019-05-13 11:30:00,190.73000000,191.20000000,190.67000000,191.03000000,589.07517000
2019-05-13 11:31:00,191.07000000,191.09000000,190.70000000,190.74000000,595.07019000
2019-05-13 11:32:00,190.68000000,190.96000000,190.50000000,190.66000000,451.69767000
2019-05-13 11:33:00,190.69000000,191.20000000,190.64000000,191.05000000,440.12226000
2019-05-13 11:34:00,191.00000000,191.17000000,190.87000000,191.16000000,134.07444000
2019-05-13 11:35:00,191.13000000,191.25000000,191.06000000,191.24000000,283.19474000
2019-05-13 11:36:00,191.23000000,191.24000000,190.85000000,190.95000000,346.71704000
2019-05-13 11:37:00,191.06000000,191.51000000,190.97000000,191.42000000,317.06490000
2019-05-13 11:38:00,191.42000000,191.85000000,191.38000000,191.79000000,622.94863000
2019-05-13 11:39:00,191.80000000,192.12000000,191.74000000,192.12000000,1226.17441000
2019-05-13 11:40:00,192.08000000,192.50000000,192.08000000,192.13000000,1074.02995000
2019-05-13 11:41:00,192.11000000,192.12000000,191.42000000,191.68000000,1657.31618000
2019-05-13 11:42:00,191.75000000,192.15000000,191.69000000,192.01000000,863.91255000
2019-05-13 11:43:00,192.06000000,192.15000000,191.80000000,191.87000000,333.13204000
2019-05-13 11:44:00,191.85000000,191.96000000,191.77000000,191.95000000,411.13601000
2019-05-13 11:45:00,191.94000000,192.36000000,191.94000000,192.34000000,235.47958000
2019-05-13 11:46:00,192.36000000,192.54000000,192.23000000,192.43000000,668.85681000
2019-05-13 11:47:00,192.40000000,192.59000000,192.35000000,192.56000000,387.77917000
2019-05-13 11:48:00,192.53000000,192.61000000,192.21000000,192.21000000,264.60489000
2019-05-13 11:49:00,192.29000000,192.29000000,191.73000000,191.80000000,533.93728000
2019-05-13 11:50:00,191.80000000,192.24000000,191.80000000,192.09000000,309.75672000
2019-05-13 11:51:00,192.04000000,192.06000000,191.61000000,191.67000000,251.57487000
2019-05-13 11:52:00,191.67000000,191.83000000,191.55000000,191.81000000,742.94266000
2019-05-13 11:53:00,191.79000000,191.83000000,191.57000000,191.57000000,166.88565000
2019-05-13 11:54:00,191.61000000,191.65000000,191.36000000,191.42000000,652.06140000
2019-05-13 11:55:00,191.42000000,191.55000000,191.22000000,191.39000000,276.16237000
2019-05-13 11:56:00,191.49000000,191.83000000,191.34000000,191.57000000,242.88250000
2019-05-13 11:57:00,191.53000000,191.80000000,191.32000000,191.37000000,457.13893000
2019-05-13 11:58:00,191.32000000,191.37000000,191.00000000,191.15000000,578.26778000
2019-05-13 11:59:00,191.18000000,191.30000000,191.11000000,191.20000000,427.72647000
2019-05-13 12:00:00,191.18000000,191.22000000,190.68000000,190.78000000,223.86248000
2019-05-13 12:01:00,190.78000000,191.23000000,190.62000000,191.22000000,356.50473000
2019-05-13 12:02:00,191.17000000,191.48000000,191.07000000,191.41000000,788.67472000
2019-05-13 12:03:00,191.40000000,191.66000000,191.38000000,191.43000000,410.53356000
2019-05-13 12:04:00,191.41000000,191.83000000,191.38000000,191.83000000,595.21964000
2019-05-13 12:05:00,191.83000000,192.00000000,191.64000000,191.74000000,420.90469000
2019-05-13 12:06:00,191.70000000,192.00000000,191.62000000,191.65000000,411.78526000
2019-05-13 12:07:00,191.63000000,191.82000000,191.46000000,191.70000000,214.98642000
2019-05-13 12:08:00,191.71000000,191.71000000,191.38000000,191.70000000,245.90139000
2019-05-13 12:09:00,191.71000000,191.76000000,191.58000000,191.66000000,237.17406000
2019-05-13 12:10:00,191.69000000,192.00000000,191.66000000,191.85000000,314.69982000
2019-05-13 12:11:00,191.87000000,191.95000000,191.80000000,191.80000000,206.53280000
2019-05-13 12:12:00,191.78000000,191.81000000,191.33000000,191.39000000,294.32333000
2019-05-13 12:13:00,191.43000000,191.87000000,191.35000000,191.81000000,228.33255000
2019-05-13 12:14:00,191.84000000,191.98000000,191.39000000,191.55000000,234.17821000
2019-05-13 12:15:00,191.65000000,191.66000000,191.47000000,191.53000000,180.77823000
2019-05-13 12:16:00,191.53000000,191.76000000,191.44000000,191.68000000,139.49278000
2019-05-13 12:17:00,191.69000000,191.92000000,191.61000000,191.92000000,312.12012000
2019-05-13 12:18:00,191.85000000,192.00000000,191.65000000,191.75000000,468.68886000
2019-05-13 12:19:00,191.77000000,191.90000000,191.64000000,191.74000000,189.82829000
2019-05-13 12:20:00,191.73000000,192.16000000,191.38000000,192.04000000,951.35484000
2019-05-13 12:21:00,192.12000000,192.82000000,192.04000000,192.82000000,717.31928000
2019-05-13 12:22:00,192.79000000,192.88000000,192.00000000,192.46000000,1392.12576000
2019-05-13 12:23:00,192.53000000,192.78000000,192.45000000,192.58000000,552.65527000
2019-05-13 12:24:00,192.61000000,192.69000000,192.38000000,192.52000000,277.30676000
2019-05-13 12:25:00,192.48000000,192.58000000,192.09000000,192.11000000,289.72085000
2019-05-13 12:26:00,192.10000000,192.50000000,192.09000000,192.50000000,312.13072000
2019-05-13 12:27:00,192.51000000,192.82000000,192.51000000,192.55000000,379.03266000
2019-05-13 12:28:00,192.63000000,192.63000000,192.31000000,192.32000000,820.80792000
2019-05-13 12:29:00,192.30000000,192.43000000,192.23000000,192.30000000,342.13075000
2019-05-13 12:30:00,192.31000000,192.35000000,191.93000000,192.16000000,407.85828000
2019-05-13 12:31:00,192.10000000,192.23000000,191.92000000,191.92000000,679.21498000
2019-05-13 12:32:00,191.91000000,192.17000000,191.78000000,191.85000000,537.60567000
2019-05-13 12:33:00,191.85000000,191.99000000,191.73000000,191.85000000,295.56660000
2019-05-13 12:34:00,191.78000000,191.85000000,191.70000000,191.80000000,381.23917000
2019-05-13 12:35:00,191.78000000,191.97000000,191.62000000,191.94000000,360.72069000
2019-05-13 12:36:00,191.93000000,192.14000000,191.90000000,191.98000000,355.26690000
2019-05-13 12:37:00,192.03000000,192.09000000,191.91000000,191.95000000,342.86669000
2019-05-13 12:38:00,191.95000000,192.06000000,191.90000000,192.06000000,456.20971000
2019-05-13 12:39:00,192.02000000,192.60000000,192.00000000,192.47000000,659.96462000
2019-05-13 12:40:00,192.38000000,192.56000000,192.33000000,192.50000000,400.15996000
2019-05-13 12:41:00,192.50000000,192.80000000,192.50000000,192.72000000,403.21118000
2019-05-13 12:42:00,192.79000000,192.85000000,192.50000000,192.58000000,472.15277000
2019-05-13 12:43:00,192.59000000,192.73000000,192.50000000,192.50000000,366.18252000
2019-05-13 12:44:00,192.53000000,192.67000000,192.39000000,192.65000000,794.32555000
2019-05-13 12:45:00,192.65000000,192.65000000,192.46000000,192.58000000,222.76266000
2019-05-13 12:46:00,192.55000000,192.58000000,191.92000000,192.08000000,636.50271000
2019-05-13 12:47:00,192.08000000,192.41000000,192.03000000,192.38000000,538.90709000
2019-05-13 12:48:00,192.36000000,192.41000000,191.95000000,192.18000000,405.26597000
2019-05-13 12:49:00,192.08000000,192.22000000,191.97000000,191.97000000,264.30190000
2019-05-13 12:50:00,192.01000000,192.02000000,191.90000000,192.02000000,344.45353000
2019-05-13 12:51:00,192.06000000,192.37000000,192.06000000,192.37000000,281.91643000
2019-05-13 12:52:00,192.40000000,192.43000000,192.17000000,192.40000000,284.73371000
2019-05-13 12:53:00,192.39000000,192.44000000,192.35000000,192.40000000,307.20175000
2019-05-13 12:54:00,192.39000000,192.54000000,192.15000000,192.30000000,309.45703000
2019-05-13 12:55:00,192.29000000,192.56000000,192.26000000,192.51000000,150.26447000
2019-05-13 12:56:00,192.46000000,192.46000000,192.21000000,192.42000000,144.65906000
2019-05-13 12:57:00,192.35000000,192.59000000,192.34000000,192.59000000,149.18702000
2019-05-13 12:58:00,192.58000000,192.73000000,192.56000000,192.72000000,173.59285000
2019-05-13 12:59:00,192.72000000,193.14000000,192.72000000,192.95000000,1262.66316000
2019-05-13 13:00:00,192.86000000,193.17000000,192.71000000,193.17000000,212.46016000
2019-05-13 13:01:00,193.18000000,193.34000000,193.03000000,193.34000000,355.46870000
2019-05-13 13:02:00,193.23000000,193.34000000,192.88000000,193.12000000,421.90479000
2019-05-13 13:03:00,193.13000000,193.68000000,193.13000000,193.58000000,306.27767000
2019-05-13 13:04:00,193.60000000,193.79000000,193.18000000,193.19000000,1198.70560000
2019-05-13 13:05:00,193.30000000,193.57000000,193.03000000,193.46000000,414.07432000
2019-05-13 13:06:00,193.47000000,193.57000000,193.09000000,193.13000000,360.05205000
2019-05-13 13:07:00,193.08000000,193.19000000,192.81000000,193.02000000,550.51235000
2019-05-13 13:08:00,193.04000000,193.11000000,192.70000000,192.79000000,908.80433000
2019-05-13 13:09:00,192.81000000,193.07000000,192.74000000,193.07000000,178.48600000
2019-05-13 13:10:00,193.01000000,193.27000000,192.94000000,193.17000000,238.71393000
2019-05-13 13:11:00,193.18000000,193.19000000,192.68000000,192.86000000,599.02155000
2019-05-13 13:12:00,192.82000000,193.19000000,192.82000000,193.05000000,482.93424000
2019-05-13 13:13:00,193.12000000,193.20000000,193.00000000,193.14000000,226.08197000
2019-05-13 13:14:00,193.14000000,193.25000000,193.03000000,193.21000000,167.59395000
2019-05-13 13:15:00,193.07000000,193.31000000,193.07000000,193.17000000,167.39717000
2019-05-13 13:16:00,193.16000000,193.41000000,193.06000000,193.28000000,336.12467000
2019-05-13 13:17:00,193.32000000,193.37000000,192.98000000,193.14000000,346.65897000
2019-05-13 13:18:00,193.12000000,193.25000000,192.90000000,192.98000000,368.41320000
2019-05-13 13:19:00,192.91000000,193.07000000,192.83000000,192.86000000,213.90185000
2019-05-13 13:20:00,192.95000000,192.95000000,192.69000000,192.71000000,237.91334000
2019-05-13 13:21:00,192.76000000,192.80000000,192.68000000,192.68000000,655.72587000
2019-05-13 13:22:00,192.68000000,192.92000000,192.37000000,192.37000000,648.85459000
2019-05-13 13:23:00,192.37000000,192.60000000,192.06000000,192.37000000,454.76285000
2019-05-13 13:24:00,192.38000000,192.46000000,192.07000000,192.25000000,679.06212000
2019-05-13 13:25:00,192.29000000,192.41000000,191.15000000,191.85000000,869.53438000
2019-05-13 13:26:00,191.88000000,192.44000000,191.80000000,192.09000000,508.67996000
2019-05-13 13:27:00,192.07000000,192.10000000,191.78000000,191.94000000,393.21304000
2019-05-13 13:28:00,192.08000000,192.10000000,191.60000000,191.64000000,186.69187000
2019-05-13 13:29:00,191.73000000,191.96000000,191.58000000,191.81000000,315.96407000
2019-05-13 13:30:00,191.93000000,192.00000000,191.62000000,191.89000000,165.25914000
2019-05-13 13:31:00,191.89000000,191.93000000,191.75000000,191.80000000,112.80144000
2019-05-13 13:32:00,191.87000000,191.93000000,191.64000000,191.66000000,175.26257000
2019-05-13 13:33:00,191.81000000,191.81000000,191.63000000,191.64000000,109.77475000
2019-05-13 13:34:00,191.72000000,192.04000000,191.64000000,191.90000000,208.12344000
2019-05-13 13:35:00,191.90000000,191.96000000,191.71000000,191.90000000,212.19061000
2019-05-13 13:36:00,191.90000000,191.94000000,191.77000000,191.94000000,161.78023000
2019-05-13 13:37:00,191.91000000,192.13000000,191.91000000,192.12000000,85.34022000
2019-05-13 13:38:00,192.12000000,192.31000000,192.08000000,192.18000000,181.84760000
2019-05-13 13:39:00,192.21000000,192.24000000,192.06000000,192.23000000,88.38737000
2019-05-13 13:40:00,192.22000000,192.29000000,192.00000000,192.16000000,338.91379000
2019-05-13 13:41:00,192.10000000,192.16000000,191.96000000,191.99000000,559.34058000
2019-05-13 13:42:00,192.04000000,192.12000000,192.00000000,192.11000000,143.53109000
2019-05-13 13:43:00,192.06000000,192.46000000,192.06000000,192.32000000,650.94491000
2019-05-13 13:44:00,192.29000000,192.48000000,192.22000000,192.42000000,88.87411000
2019-05-13 13:45:00,192.37000000,192.77000000,192.37000000,192.72000000,286.93720000
2019-05-13 13:46:00,192.67000000,192.78000000,192.64000000,192.78000000,166.38971000
2019-05-13 13:47:00,192.76000000,193.00000000,192.73000000,192.83000000,288.50230000
2019-05-13 13:48:00,192.93000000,193.07000000,192.70000000,192.81000000,330.96202000
2019-05-13 13:49:00,192.74000000,192.85000000,192.44000000,192.49000000,788.28699000
2019-05-13 13:50:00,192.47000000,192.61000000,192.45000000,192.56000000,135.44103000
2019-05-13 13:51:00,192.56000000,192.69000000,192.46000000,192.53000000,306.32251000
2019-05-13 13:52:00,192.53000000,192.74000000,192.48000000,192.48000000,352.75968000
2019-05-13 13:53:00,192.60000000,192.60000000,192.47000000,192.51000000,102.80017000
2019-05-13 13:54:00,192.59000000,192.59000000,192.14000000,192.16000000,194.15897000
2019-05-13 13:55:00,192.17000000,192.28000000,192.00000000,192.28000000,170.09918000
2019-05-13 13:56:00,192.15000000,192.26000000,191.97000000,192.02000000,172.38540000
2019-05-13 13:57:00,192.01000000,192.24000000,191.80000000,192.05000000,185.25822000
2019-05-13 13:58:00,192.03000000,192.31000000,191.86000000,192.19000000,246.78613000
2019-05-13 13:59:00,192.19000000,192.39000000,192.10000000,192.22000000,123.04138000
2019-05-13 14:00:00,192.16000000,192.21000000,191.80000000,191.82000000,345.63570000
2019-05-13 14:01:00,191.88000000,192.13000000,191.67000000,191.83000000,1128.15171000
2019-05-13 14:02:00,191.89000000,191.95000000,191.42000000,191.42000000,248.40234000
2019-05-13 14:03:00,191.58000000,191.81000000,191.46000000,191.71000000,177.23146000
2019-05-13 14:04:00,191.66000000,191.75000000,191.46000000,191.47000000,181.01323000
2019-05-13 14:05:00,191.43000000,191.66000000,191.40000000,191.56000000,146.19756000
2019-05-13 14:06:00,191.56000000,191.73000000,191.53000000,191.73000000,106.53790000
2019-05-13 14:07:00,191.72000000,191.81000000,191.57000000,191.73000000,276.81147000
2019-05-13 14:08:00,191.72000000,191.78000000,191.58000000,191.68000000,156.61687000
2019-05-13 14:09:00,191.65000000,192.00000000,191.58000000,192.00000000,257.89528000
2019-05-13 14:10:00,192.01000000,192.19000000,191.94000000,191.97000000,230.03307000
2019-05-13 14:11:00,192.01000000,192.30000000,191.97000000,192.25000000,352.68025000
2019-05-13 14:12:00,192.25000000,192.30000000,192.01000000,192.18000000,127.59376000
2019-05-13 14:13:00,192.19000000,192.21000000,191.92000000,192.05000000,241.10629000
2019-05-13 14:14:00,192.08000000,192.11000000,191.90000000,192.06000000,136.73683000
2019-05-13 14:15:00,192.14000000,192.17000000,191.93000000,192.11000000,185.85425000
2019-05-13 14:16:00,192.04000000,192.12000000,191.99000000,192.00000000,172.38139000
2019-05-13 14:17:00,192.10000000,192.22000000,191.94000000,192.22000000,152.42788000
2019-05-13 14:18:00,192.22000000,192.49000000,192.15000000,192.25000000,197.66074000
2019-05-13 14:19:00,192.29000000,192.49000000,192.23000000,192.41000000,147.41706000
2019-05-13 14:20:00,192.32000000,192.53000000,192.26000000,192.35000000,113.33838000
2019-05-13 14:21:00,192.39000000,192.64000000,192.39000000,192.45000000,184.90625000
2019-05-13 14:22:00,192.44000000,192.82000000,192.44000000,192.76000000,172.09350000
2019-05-13 14:23:00,192.78000000,192.79000000,192.45000000,192.58000000,175.69040000
2019-05-13 14:24:00,192.61000000,192.73000000,192.43000000,192.73000000,86.67017000
2019-05-13 14:25:00,192.69000000,192.72000000,192.40000000,192.46000000,391.62378000
2019-05-13 14:26:00,192.46000000,192.60000000,192.36000000,192.52000000,87.49869000
2019-05-13 14:27:00,192.51000000,192.67000000,192.51000000,192.52000000,244.12019000
2019-05-13 14:28:00,192.53000000,192.57000000,192.21000000,192.27000000,211.40474000
2019-05-13 14:29:00,192.28000000,192.61000000,192.21000000,192.45000000,138.21370000
2019-05-13 14:30:00,192.46000000,192.59000000,192.27000000,192.45000000,209.41247000
2019-05-13 14:31:00,192.50000000,192.56000000,192.31000000,192.41000000,158.10014000
2019-05-13 14:32:00,192.49000000,192.73000000,192.37000000,192.56000000,121.81452000
2019-05-13 14:33:00,192.54000000,192.96000000,192.53000000,192.90000000,183.37706000
2019-05-13 14:34:00,192.90000000,193.60000000,192.85000000,193.25000000,1301.57370000
2019-05-13 14:35:00,193.13000000,193.30000000,193.01000000,193.28000000,391.24358000
2019-05-13 14:36:00,193.30000000,193.67000000,193.27000000,193.50000000,440.92562000
2019-05-13 14:37:00,193.45000000,194.82000000,193.37000000,194.73000000,1690.15494000
2019-05-13 14:38:00,194.76000000,195.47000000,194.51000000,195.42000000,2510.99764000
2019-05-13 14:39:00,195.32000000,195.32000000,194.58000000,194.89000000,1248.69931000
2019-05-13 14:40:00,194.88000000,195.20000000,194.77000000,194.82000000,509.76939000
2019-05-13 14:41:00,194.82000000,194.82000000,193.96000000,194.35000000,405.32665000
2019-05-13 14:42:00,194.42000000,195.00000000,194.36000000,194.73000000,281.75117000
2019-05-13 14:43:00,194.87000000,195.37000000,194.73000000,195.37000000,494.74674000
2019-05-13 14:44:00,195.37000000,196.00000000,195.24000000,195.99000000,1098.94123000
2019-05-13 14:45:00,195.99000000,195.99000000,194.93000000,195.10000000,790.84627000
2019-05-13 14:46:00,195.09000000,195.09000000,194.16000000,194.77000000,477.65671000
2019-05-13 14:47:00,194.69000000,194.99000000,194.62000000,194.88000000,319.15510000
2019-05-13 14:48:00,194.78000000,194.86000000,193.50000000,193.67000000,628.86557000
2019-05-13 14:49:00,193.58000000,194.31000000,193.51000000,193.96000000,542.34939000
2019-05-13 14:50:00,193.91000000,194.23000000,193.74000000,194.13000000,616.92294000
2019-05-13 14:51:00,194.09000000,194.73000000,194.00000000,194.53000000,370.05215000
2019-05-13 14:52:00,194.34000000,194.46000000,194.08000000,194.25000000,336.18940000
2019-05-13 14:53:00,194.26000000,194.60000000,194.18000000,194.47000000,267.52997000
2019-05-13 14:54:00,194.46000000,194.84000000,194.30000000,194.67000000,284.83171000
2019-05-13 14:55:00,194.51000000,194.84000000,194.50000000,194.69000000,379.91692000
2019-05-13 14:56:00,194.70000000,194.72000000,193.55000000,193.91000000,929.19650000
2019-05-13 14:57:00,193.89000000,194.24000000,193.81000000,194.01000000,932.46499000
2019-05-13 14:58:00,194.01000000,194.33000000,193.99000000,194.24000000,953.19021000
2019-05-13 14:59:00,194.30000000,194.44000000,193.93000000,194.25000000,438.61377000
2019-05-13 15:00:00,194.29000000,194.40000000,193.66000000,193.74000000,982.60469000
2019-05-13 15:01:00,193.73000000,194.23000000,193.73000000,194.09000000,371.90742000
2019-05-13 15:02:00,194.06000000,194.17000000,193.91000000,194.14000000,620.60611000
2019-05-13 15:03:00,194.14000000,194.14000000,193.92000000,193.92000000,545.91072000
2019-05-13 15:04:00,193.99000000,194.26000000,193.75000000,194.20000000,281.82073000
2019-05-13 15:05:00,194.26000000,194.69000000,194.24000000,194.68000000,320.65509000
2019-05-13 15:06:00,194.67000000,195.00000000,194.48000000,194.93000000,775.59026000
2019-05-13 15:07:00,194.85000000,195.18000000,194.50000000,195.14000000,503.14981000
2019-05-13 15:08:00,195.18000000,196.80000000,195.00000000,195.83000000,2304.10212000
2019-05-13 15:09:00,195.85000000,196.50000000,195.52000000,196.34000000,1253.20656000
2019-05-13 15:10:00,196.29000000,196.80000000,195.50000000,195.89000000,1858.59603000
2019-05-13 15:11:00,195.84000000,197.50000000,195.84000000,197.00000000,2651.21365000
2019-05-13 15:12:00,197.00000000,198.21000000,196.72000000,197.56000000,2905.70412000
2019-05-13 15:13:00,197.69000000,199.01000000,197.53000000,198.97000000,2636.98950000
2019-05-13 15:14:00,198.94000000,199.99000000,196.64000000,198.05000000,3611.44942000
2019-05-13 15:15:00,198.03000000,198.05000000,196.00000000,196.67000000,2599.56997000
2019-05-13 15:16:00,196.67000000,197.90000000,196.62000000,197.56000000,1028.57251000
2019-05-13 15:17:00,197.57000000,198.21000000,197.43000000,197.78000000,1469.23528000
2019-05-13 15:18:00,197.93000000,198.15000000,196.67000000,197.60000000,2905.09640000
2019-05-13 15:19:00,197.57000000,198.25000000,196.66000000,196.98000000,1441.39411000
2019-05-13 15:20:00,196.98000000,198.00000000,196.53000000,197.49000000,3062.93234000
2019-05-13 15:21:00,197.36000000,197.73000000,197.15000000,197.35000000,1337.25665000
2019-05-13 15:22:00,197.34000000,198.00000000,197.15000000,198.00000000,761.05121000
2019-05-13 15:23:00,197.95000000,198.25000000,197.67000000,198.18000000,1640.66626000
2019-05-13 15:24:00,198.18000000,198.47000000,197.88000000,198.04000000,680.98300000
2019-05-13 15:25:00,198.04000000,198.88000000,198.00000000,198.71000000,1383.20021000
2019-05-13 15:26:00,198.72000000,201.00000000,198.72000000,199.85000000,5189.31103000
2019-05-13 15:27:00,199.85000000,200.95000000,199.79000000,200.47000000,1628.70735000
2019-05-13 15:28:00,200.45000000,200.87000000,200.23000000,200.23000000,1850.89888000
2019-05-13 15:29:00,200.23000000,200.33000000,199.00000000,199.21000000,2099.59118000
2019-05-13 15:30:00,199.29000000,200.46000000,199.22000000,200.20000000,1992.59498000
2019-05-13 15:31:00,200.22000000,200.26000000,199.66000000,199.99000000,815.27270000
2019-05-13 15:32:00,199.98000000,200.99000000,199.97000000,200.44000000,1163.12222000
2019-05-13 15:33:00,200.39000000,201.20000000,200.28000000,201.12000000,1170.77908000
2019-05-13 15:34:00,201.08000000,201.92000000,200.76000000,201.39000000,2112.40530000
2019-05-13 15:35:00,201.45000000,202.50000000,201.43000000,202.40000000,2734.55837000
2019-05-13 15:36:00,202.27000000,202.60000000,201.19000000,201.39000000,1376.89877000
2019-05-13 15:37:00,201.44000000,201.60000000,200.89000000,200.96000000,1676.48189000
2019-05-13 15:38:00,200.84000000,202.00000000,200.84000000,201.71000000,1566.51225000
2019-05-13 15:39:00,201.48000000,201.58000000,200.92000000,201.24000000,944.35481000
2019-05-13 15:40:00,201.02000000,201.40000000,199.86000000,200.14000000,2167.34766000
2019-05-13 15:41:00,199.89000000,200.31000000,198.87000000,199.05000000,3395.46946000
2019-05-13 15:42:00,199.05000000,199.24000000,198.28000000,198.32000000,1839.87198000
2019-05-13 15:43:00,198.36000000,199.24000000,198.01000000,198.95000000,1834.38628000
2019-05-13 15:44:00,198.95000000,199.04000000,198.25000000,198.38000000,1733.63984000
2019-05-13 15:45:00,198.42000000,199.04000000,198.00000000,198.79000000,1563.00884000
2019-05-13 15:46:00,198.97000000,199.94000000,198.85000000,199.56000000,728.18499000
2019-05-13 15:47:00,199.57000000,199.76000000,198.59000000,198.95000000,814.51835000
2019-05-13 15:48:00,198.95000000,198.99000000,198.51000000,198.80000000,654.26489000
2019-05-13 15:49:00,198.77000000,199.39000000,198.50000000,199.05000000,700.20420000
2019-05-13 15:50:00,199.19000000,199.25000000,198.84000000,199.04000000,1223.34047000
2019-05-13 15:51:00,199.02000000,199.77000000,198.96000000,199.72000000,774.31122000
2019-05-13 15:52:00,199.72000000,200.35000000,199.67000000,200.17000000,1244.40264000
2019-05-13 15:53:00,200.18000000,200.64000000,200.00000000,200.48000000,816.40369000
2019-05-13 15:54:00,200.44000000,200.75000000,200.00000000,200.24000000,681.09788000
2019-05-13 15:55:00,200.24000000,200.81000000,200.00000000,200.81000000,1192.66564000
2019-05-13 15:56:00,200.72000000,201.10000000,200.35000000,200.50000000,1452.94946000
2019-05-13 15:57:00,200.50000000,201.34000000,200.50000000,201.16000000,993.10131000
2019-05-13 15:58:00,201.29000000,201.75000000,201.12000000,201.67000000,1522.48246000
2019-05-13 15:59:00,201.68000000,201.90000000,200.91000000,200.93000000,826.97080000
2019-05-13 16:00:00,200.93000000,201.75000000,200.79000000,201.63000000,941.81861000
2019-05-13 16:01:00,201.63000000,202.89000000,201.63000000,202.89000000,1295.08722000
2019-05-13 16:02:00,202.89000000,202.93000000,201.59000000,202.34000000,1286.36706000
2019-05-13 16:03:00,202.52000000,203.95000000,202.29000000,203.85000000,1967.19019000
2019-05-13 16:04:00,203.50000000,205.00000000,203.17000000,204.92000000,4114.37049000
2019-05-13 16:05:00,204.94000000,205.36000000,204.32000000,204.69000000,2621.66224000
2019-05-13 16:06:00,204.69000000,206.87000000,204.60000000,206.80000000,3725.54905000
2019-05-13 16:07:00,206.80000000,206.80000000,204.10000000,204.38000000,2202.68159000
2019-05-13 16:08:00,204.35000000,204.36000000,201.80000000,202.22000000,2755.82046000
2019-05-13 16:09:00,202.32000000,203.61000000,201.98000000,203.14000000,2776.44445000
2019-05-13 16:10:00,203.14000000,203.17000000,201.00000000,201.45000000,1576.97117000
2019-05-13 16:11:00,201.43000000,202.42000000,201.09000000,202.37000000,1564.88826000
2019-05-13 16:12:00,202.35000000,202.36000000,201.27000000,201.56000000,1334.23102000
2019-05-13 16:13:00,201.76000000,201.91000000,199.52000000,200.00000000,2435.56483000
2019-05-13 16:14:00,200.00000000,201.26000000,199.51000000,201.22000000,1299.05653000
2019-05-13 16:15:00,201.22000000,201.83000000,200.86000000,201.83000000,1383.40348000
2019-05-13 16:16:00,201.96000000,201.99000000,201.12000000,201.25000000,843.20905000
2019-05-13 16:17:00,201.27000000,201.45000000,200.30000000,200.52000000,992.26627000
2019-05-13 16:18:00,200.41000000,201.00000000,200.33000000,200.80000000,1372.25291000
2019-05-13 16:19:00,200.77000000,200.98000000,200.50000000,200.87000000,439.88960000
2019-05-13 16:20:00,200.93000000,201.40000000,200.90000000,201.17000000,1342.31859000
2019-05-13 16:21:00,201.18000000,202.17000000,201.13000000,201.57000000,1188.00163000
2019-05-13 16:22:00,201.51000000,201.90000000,201.02000000,201.78000000,1522.06669000
2019-05-13 16:23:00,201.68000000,202.00000000,201.34000000,201.87000000,737.15705000
2019-05-13 16:24:00,201.86000000,201.86000000,201.00000000,201.31000000,588.47835000
2019-05-13 16:25:00,201.30000000,201.30000000,200.98000000,201.17000000,601.18012000
2019-05-13 16:26:00,201.17000000,201.46000000,201.03000000,201.29000000,353.38465000
2019-05-13 16:27:00,201.19000000,201.90000000,201.05000000,201.90000000,901.37784000
2019-05-13 16:28:00,201.87000000,201.90000000,201.33000000,201.67000000,886.38751000
2019-05-13 16:29:00,201.77000000,201.90000000,201.14000000,201.70000000,771.52264000
2019-05-13 16:30:00,201.64000000,201.87000000,200.94000000,201.07000000,585.74632000
2019-05-13 16:31:00,201.00000000,201.66000000,200.96000000,201.46000000,596.27833000
2019-05-13 16:32:00,201.44000000,201.52000000,201.04000000,201.27000000,533.50331000
2019-05-13 16:33:00,201.26000000,201.28000000,200.37000000,200.72000000,1384.73963000
2019-05-13 16:34:00,200.55000000,201.26000000,200.53000000,200.84000000,435.27056000
2019-05-13 16:35:00,200.90000000,200.90000000,200.36000000,200.81000000,371.67347000
2019-05-13 16:36:00,200.81000000,200.92000000,200.39000000,200.67000000,569.49308000
2019-05-13 16:37:00,200.62000000,200.81000000,200.52000000,200.61000000,437.52644000
2019-05-13 16:38:00,200.64000000,201.15000000,200.34000000,201.09000000,821.58340000
2019-05-13 16:39:00,201.04000000,201.11000000,200.52000000,200.87000000,641.66508000
2019-05-13 16:40:00,200.87000000,201.19000000,200.87000000,201.00000000,638.97780000
2019-05-13 16:41:00,201.11000000,201.50000000,201.00000000,201.41000000,862.31490000
2019-05-13 16:42:00,201.38000000,201.85000000,201.06000000,201.80000000,943.22098000
2019-05-13 16:43:00,201.80000000,202.67000000,201.57000000,201.67000000,2024.93675000
2019-05-13 16:44:00,201.65000000,202.19000000,201.50000000,201.99000000,921.29602000
2019-05-13 16:45:00,201.99000000,202.87000000,201.99000000,202.53000000,2445.07441000
2019-05-13 16:46:00,202.41000000,202.41000000,201.63000000,201.66000000,1122.38626000
2019-05-13 16:47:00,201.84000000,202.16000000,201.30000000,201.30000000,786.98646000
2019-05-13 16:48:00,201.36000000,201.89000000,201.17000000,201.62000000,1001.02848000
2019-05-13 16:49:00,201.66000000,201.67000000,201.10000000,201.14000000,515.45107000
2019-05-13 16:50:00,201.14000000,201.19000000,200.62000000,200.75000000,836.22395000
2019-05-13 16:51:00,200.75000000,200.98000000,200.00000000,200.00000000,1211.52637000
2019-05-13 16:52:00,200.00000000,200.81000000,199.84000000,200.51000000,1745.69053000
2019-05-13 16:53:00,200.63000000,200.85000000,200.35000000,200.59000000,1063.93199000
2019-05-13 16:54:00,200.61000000,201.26000000,200.61000000,201.10000000,1315.02424000
2019-05-13 16:55:00,201.21000000,201.40000000,200.79000000,200.93000000,1122.06552000
2019-05-13 16:56:00,200.89000000,201.50000000,200.89000000,201.39000000,720.53550000
2019-05-13 16:57:00,201.48000000,201.75000000,200.94000000,201.37000000,409.22429000
2019-05-13 16:58:00,201.42000000,201.43000000,200.90000000,201.26000000,1278.34389000
2019-05-13 16:59:00,201.38000000,201.89000000,201.19000000,201.77000000,461.01117000
2019-05-13 17:00:00,201.71000000,201.78000000,201.23000000,201.23000000,521.36917000
2019-05-13 17:01:00,201.24000000,201.37000000,200.66000000,200.81000000,1130.11319000
2019-05-13 17:02:00,200.90000000,201.18000000,200.42000000,200.99000000,613.35305000
2019-05-13 17:03:00,200.99000000,201.21000000,200.78000000,200.89000000,622.60830000
2019-05-13 17:04:00,201.01000000,201.07000000,200.33000000,200.56000000,403.97365000
2019-05-13 17:05:00,200.50000000,200.82000000,200.40000000,200.51000000,265.17350000
2019-05-13 17:06:00,200.51000000,200.92000000,200.40000000,200.75000000,515.62264000
2019-05-13 17:07:00,200.71000000,200.83000000,200.20000000,200.70000000,661.76771000
2019-05-13 17:08:00,200.70000000,200.90000000,200.52000000,200.80000000,970.94152000
2019-05-13 17:09:00,200.79000000,200.86000000,200.62000000,200.81000000,268.16205000
2019-05-13 17:10:00,200.76000000,200.94000000,200.68000000,200.81000000,387.73812000
2019-05-13 17:11:00,200.72000000,201.02000000,200.63000000,201.02000000,424.32630000
2019-05-13 17:12:00,201.09000000,201.50000000,201.05000000,201.50000000,541.85270000
2019-05-13 17:13:00,201.49000000,201.73000000,201.24000000,201.47000000,604.22625000
2019-05-13 17:14:00,201.47000000,202.16000000,201.23000000,201.85000000,633.71889000
2019-05-13 17:15:00,201.85000000,202.00000000,201.32000000,201.35000000,793.40019000
2019-05-13 17:16:00,201.35000000,201.81000000,201.12000000,201.74000000,1617.60907000
2019-05-13 17:17:00,201.74000000,201.74000000,201.23000000,201.43000000,328.96361000
2019-05-13 17:18:00,201.53000000,201.62000000,201.30000000,201.40000000,233.93710000
2019-05-13 17:19:00,201.37000000,201.67000000,201.35000000,201.60000000,292.30168000
2019-05-13 17:20:00,201.62000000,201.62000000,201.00000000,201.26000000,548.49171000
2019-05-13 17:21:00,201.18000000,201.32000000,200.87000000,201.17000000,848.07832000
2019-05-13 17:22:00,201.19000000,201.42000000,201.02000000,201.25000000,601.92260000
2019-05-13 17:23:00,201.31000000,201.36000000,201.08000000,201.11000000,248.13559000
2019-05-13 17:24:00,201.09000000,201.23000000,201.00000000,201.00000000,211.24793000
2019-05-13 17:25:00,200.99000000,200.99000000,200.23000000,200.49000000,1076.12705000
2019-05-13 17:26:00,200.64000000,201.10000000,200.49000000,200.82000000,776.31118000
2019-05-13 17:27:00,200.85000000,201.21000000,200.70000000,200.95000000,498.30291000
2019-05-13 17:28:00,200.89000000,201.04000000,200.59000000,200.72000000,594.53137000
2019-05-13 17:29:00,200.72000000,200.72000000,200.17000000,200.20000000,750.56283000
2019-05-13 17:30:00,200.17000000,200.32000000,199.20000000,199.20000000,3217.16071000
2019-05-13 17:31:00,199.39000000,199.40000000,197.08000000,197.56000000,2941.23793000
2019-05-13 17:32:00,197.48000000,199.12000000,197.48000000,199.07000000,2535.23965000
2019-05-13 17:33:00,199.07000000,199.71000000,198.99000000,199.65000000,631.05058000
2019-05-13 17:34:00,199.65000000,200.00000000,199.27000000,199.78000000,632.53402000
2019-05-13 17:35:00,199.43000000,199.59000000,198.52000000,198.69000000,2316.30778000
2019-05-13 17:36:00,198.74000000,199.12000000,198.50000000,198.75000000,465.73631000
2019-05-13 17:37:00,198.73000000,198.74000000,198.31000000,198.47000000,796.74047000
2019-05-13 17:38:00,198.54000000,198.69000000,198.37000000,198.50000000,390.20934000
2019-05-13 17:39:00,198.38000000,198.60000000,197.76000000,198.60000000,2261.88717000
2019-05-13 17:40:00,198.61000000,198.84000000,198.52000000,198.65000000,476.90088000
2019-05-13 17:41:00,198.69000000,199.61000000,198.60000000,199.60000000,1526.86998000
2019-05-13 17:42:00,199.34000000,199.86000000,199.14000000,199.63000000,1473.04312000
2019-05-13 17:43:00,199.68000000,199.93000000,199.45000000,199.56000000,396.89994000
2019-05-13 17:44:00,199.56000000,199.67000000,199.21000000,199.63000000,268.77240000
2019-05-13 17:45:00,199.57000000,199.89000000,199.53000000,199.72000000,660.00447000
2019-05-13 17:46:00,199.75000000,199.85000000,199.16000000,199.37000000,627.33947000
2019-05-13 17:47:00,199.33000000,199.60000000,199.10000000,199.10000000,329.61933000
2019-05-13 17:48:00,199.09000000,199.32000000,198.58000000,198.89000000,839.90842000
2019-05-13 17:49:00,198.88000000,198.89000000,198.63000000,198.79000000,323.13208000
2019-05-13 17:50:00,198.79000000,198.99000000,198.60000000,198.75000000,246.34932000
2019-05-13 17:51:00,198.84000000,198.85000000,198.62000000,198.75000000,196.21143000
2019-05-13 17:52:00,198.75000000,198.84000000,198.27000000,198.48000000,325.36003000
2019-05-13 17:53:00,198.46000000,198.57000000,198.29000000,198.36000000,320.41132000
2019-05-13 17:54:00,198.36000000,198.50000000,198.28000000,198.33000000,183.38329000
2019-05-13 17:55:00,198.40000000,198.45000000,198.15000000,198.29000000,295.78043000
2019-05-13 17:56:00,198.29000000,198.34000000,198.02000000,198.33000000,229.75661000
2019-05-13 17:57:00,198.34000000,198.83000000,198.30000000,198.77000000,806.59669000
2019-05-13 17:58:00,198.76000000,198.76000000,198.47000000,198.50000000,310.71380000
2019-05-13 17:59:00,198.48000000,198.77000000,198.43000000,198.70000000,150.23080000
2019-05-13 18:00:00,198.64000000,198.91000000,198.51000000,198.53000000,157.97465000
2019-05-13 18:01:00,198.54000000,198.69000000,198.11000000,198.31000000,313.93205000
2019-05-13 18:02:00,198.43000000,198.64000000,198.07000000,198.64000000,426.40505000
2019-05-13 18:03:00,198.64000000,198.89000000,198.49000000,198.88000000,432.56216000
2019-05-13 18:04:00,198.89000000,199.00000000,198.62000000,198.80000000,349.55092000
2019-05-13 18:05:00,198.80000000,198.84000000,198.60000000,198.68000000,237.95025000
2019-05-13 18:06:00,198.78000000,199.15000000,198.67000000,199.14000000,674.95002000
2019-05-13 18:07:00,199.14000000,199.73000000,199.10000000,199.17000000,706.64698000
2019-05-13 18:08:00,199.25000000,199.36000000,198.75000000,199.02000000,1051.52200000
2019-05-13 18:09:00,198.88000000,199.77000000,198.80000000,199.45000000,710.99673000
2019-05-13 18:10:00,199.43000000,199.48000000,199.18000000,199.42000000,293.94676000
2019-05-13 18:11:00,199.42000000,199.73000000,199.22000000,199.70000000,195.52528000
2019-05-13 18:12:00,199.67000000,199.80000000,199.51000000,199.78000000,252.74206000
2019-05-13 18:13:00,199.79000000,199.80000000,199.59000000,199.67000000,225.35139000
2019-05-13 18:14:00,199.77000000,200.23000000,199.67000000,200.00000000,1548.48225000
2019-05-13 18:15:00,200.11000000,200.16000000,199.83000000,199.84000000,249.65349000
2019-05-13 18:16:00,199.89000000,200.02000000,199.60000000,199.85000000,477.69290000
2019-05-13 18:17:00,199.87000000,199.87000000,199.61000000,199.67000000,121.74458000
2019-05-13 18:18:00,199.72000000,199.72000000,199.11000000,199.66000000,166.09604000
2019-05-13 18:19:00,199.67000000,199.82000000,199.52000000,199.77000000,121.87899000
2019-05-13 18:20:00,199.73000000,199.88000000,199.29000000,199.85000000,194.98225000
2019-05-13 18:21:00,199.88000000,200.23000000,199.86000000,200.07000000,290.23390000
2019-05-13 18:22:00,200.08000000,200.42000000,200.07000000,200.30000000,298.71097000
2019-05-13 18:23:00,200.26000000,200.26000000,200.00000000,200.00000000,356.64438000
2019-05-13 18:24:00,200.04000000,200.21000000,199.85000000,200.03000000,146.34148000
2019-05-13 18:25:00,200.02000000,200.20000000,199.93000000,200.17000000,158.15021000
2019-05-13 18:26:00,200.04000000,200.44000000,200.04000000,200.18000000,197.91144000
2019-05-13 18:27:00,200.17000000,200.64000000,200.17000000,200.63000000,309.19905000
2019-05-13 18:28:00,200.53000000,200.88000000,200.53000000,200.65000000,330.29083000
2019-05-13 18:29:00,200.64000000,200.93000000,200.63000000,200.81000000,166.67214000
2019-05-13 18:30:00,200.84000000,200.89000000,200.25000000,200.48000000,402.96340000
2019-05-13 18:31:00,200.48000000,200.50000000,200.14000000,200.38000000,212.38492000
2019-05-13 18:32:00,200.37000000,200.47000000,200.25000000,200.40000000,300.74447000
2019-05-13 18:33:00,200.38000000,200.39000000,199.95000000,199.99000000,175.97241000
2019-05-13 18:34:00,200.05000000,200.12000000,199.83000000,199.90000000,288.41495000
2019-05-13 18:35:00,199.87000000,200.00000000,199.83000000,200.00000000,338.35446000
2019-05-13 18:36:00,199.98000000,200.40000000,199.97000000,200.19000000,201.36458000
2019-05-13 18:37:00,200.23000000,200.46000000,200.21000000,200.36000000,131.12771000
2019-05-13 18:38:00,200.45000000,200.73000000,200.33000000,200.62000000,185.28265000
2019-05-13 18:39:00,200.61000000,200.70000000,200.07000000,200.12000000,245.62220000
2019-05-13 18:40:00,200.07000000,200.39000000,200.02000000,200.38000000,134.70680000
2019-05-13 18:41:00,200.34000000,200.34000000,199.74000000,200.05000000,254.88519000
2019-05-13 18:42:00,199.99000000,200.13000000,199.85000000,199.87000000,192.03940000
2019-05-13 18:43:00,199.86000000,199.99000000,199.81000000,199.98000000,143.58265000
2019-05-13 18:44:00,199.99000000,200.00000000,199.81000000,199.83000000,258.08892000
2019-05-13 18:45:00,199.81000000,199.88000000,199.71000000,199.79000000,163.15883000
2019-05-13 18:46:00,199.71000000,199.79000000,199.42000000,199.73000000,289.31981000
2019-05-13 18:47:00,199.73000000,200.06000000,199.73000000,199.91000000,265.30031000
2019-05-13 18:48:00,199.91000000,199.96000000,199.58000000,199.76000000,172.16230000
2019-05-13 18:49:00,199.79000000,199.99000000,199.73000000,199.73000000,227.09557000
2019-05-13 18:50:00,199.78000000,199.90000000,199.63000000,199.76000000,190.89405000
2019-05-13 18:51:00,199.85000000,200.01000000,199.77000000,199.94000000,219.68448000
2019-05-13 18:52:00,199.97000000,200.20000000,199.93000000,200.11000000,190.72692000
2019-05-13 18:53:00,200.10000000,200.15000000,199.94000000,200.01000000,92.99510000
2019-05-13 18:54:00,200.04000000,200.04000000,199.70000000,199.81000000,175.78435000
2019-05-13 18:55:00,199.75000000,200.05000000,199.70000000,200.02000000,127.55624000
2019-05-13 18:56:00,199.98000000,200.08000000,199.78000000,199.95000000,122.36635000
2019-05-13 18:57:00,199.96000000,200.43000000,199.84000000,200.35000000,462.13234000
2019-05-13 18:58:00,200.43000000,200.50000000,200.22000000,200.39000000,119.71186000
2019-05-13 18:59:00,200.41000000,200.79000000,200.34000000,200.74000000,385.07138000
2019-05-13 19:00:00,200.72000000,200.92000000,200.59000000,200.90000000,218.79863000
2019-05-13 19:01:00,200.90000000,201.31000000,200.87000000,201.16000000,638.07759000
2019-05-13 19:02:00,201.06000000,201.16000000,200.93000000,201.14000000,84.69659000
2019-05-13 19:03:00,201.12000000,201.32000000,201.09000000,201.10000000,540.06000000
2019-05-13 19:04:00,201.21000000,201.21000000,200.60000000,200.84000000,423.00831000
2019-05-13 19:05:00,200.70000000,200.88000000,200.36000000,200.79000000,211.17022000
2019-05-13 19:06:00,200.79000000,200.85000000,200.48000000,200.48000000,97.21140000
2019-05-13 19:07:00,200.57000000,200.66000000,200.38000000,200.57000000,138.26770000
2019-05-13 19:08:00,200.55000000,200.55000000,200.28000000,200.30000000,117.17551000
2019-05-13 19:09:00,200.25000000,200.36000000,200.02000000,200.26000000,180.08563000
2019-05-13 19:10:00,200.23000000,200.48000000,200.12000000,200.40000000,68.43463000
2019-05-13 19:11:00,200.41000000,200.51000000,200.28000000,200.33000000,98.82511000
2019-05-13 19:12:00,200.24000000,200.26000000,200.14000000,200.19000000,33.08553000
2019-05-13 19:13:00,200.23000000,200.23000000,199.86000000,199.97000000,111.58720000
2019-05-13 19:14:00,199.93000000,200.11000000,199.84000000,199.84000000,117.50541000
2019-05-13 19:15:00,199.81000000,199.95000000,199.63000000,199.82000000,86.57825000
2019-05-13 19:16:00,199.79000000,199.93000000,199.67000000,199.93000000,275.81279000
2019-05-13 19:17:00,199.98000000,200.03000000,199.90000000,200.03000000,111.70948000
2019-05-13 19:18:00,200.00000000,200.00000000,199.87000000,199.99000000,73.67260000
2019-05-13 19:19:00,199.92000000,200.00000000,199.68000000,199.90000000,107.33234000
2019-05-13 19:20:00,199.90000000,200.14000000,199.89000000,200.05000000,299.64677000
2019-05-13 19:21:00,200.05000000,200.12000000,199.91000000,199.99000000,117.64962000
2019-05-13 19:22:00,200.09000000,200.13000000,199.98000000,200.10000000,107.41113000
2019-05-13 19:23:00,200.13000000,200.31000000,200.01000000,200.17000000,117.45727000
2019-05-13 19:24:00,200.24000000,200.38000000,200.20000000,200.28000000,86.70090000
2019-05-13 19:25:00,200.24000000,200.43000000,200.18000000,200.40000000,203.21372000
2019-05-13 19:26:00,200.36000000,200.39000000,200.19000000,200.35000000,96.40455000
2019-05-13 19:27:00,200.34000000,200.34000000,200.17000000,200.25000000,83.01822000
2019-05-13 19:28:00,200.29000000,200.51000000,200.23000000,200.51000000,126.16213000
2019-05-13 19:29:00,200.58000000,200.74000000,200.19000000,200.30000000,527.10207000
2019-05-13 19:30:00,200.33000000,200.59000000,200.28000000,200.46000000,54.90516000
2019-05-13 19:31:00,200.47000000,200.58000000,200.38000000,200.44000000,95.12390000
2019-05-13 19:32:00,200.45000000,200.56000000,200.05000000,200.21000000,150.35488000
2019-05-13 19:33:00,200.23000000,200.28000000,200.06000000,200.06000000,77.06688000
2019-05-13 19:34:00,200.19000000,200.32000000,200.08000000,200.20000000,39.83827000
2019-05-13 19:35:00,200.29000000,200.29000000,200.00000000,200.00000000,68.22986000
2019-05-13 19:36:00,200.00000000,200.06000000,199.86000000,199.98000000,82.76766000
2019-05-13 19:37:00,200.04000000,200.16000000,199.89000000,200.05000000,99.32567000
2019-05-13 19:38:00,200.17000000,200.17000000,199.97000000,200.02000000,46.18898000
2019-05-13 19:39:00,200.04000000,200.13000000,200.00000000,200.00000000,79.87527000
2019-05-13 19:40:00,199.99000000,200.06000000,199.88000000,199.89000000,71.24828000
2019-05-13 19:41:00,199.93000000,200.06000000,199.82000000,200.03000000,84.69486000
2019-05-13 19:42:00,200.07000000,200.28000000,199.98000000,200.21000000,317.92448000
2019-05-13 19:43:00,200.25000000,200.30000000,200.07000000,200.30000000,249.53529000
2019-05-13 19:44:00,200.31000000,200.75000000,200.28000000,200.75000000,479.24952000
2019-05-13 19:45:00,200.66000000,201.10000000,200.46000000,200.60000000,760.96002000
2019-05-13 19:46:00,200.51000000,200.98000000,200.43000000,200.88000000,373.05648000
2019-05-13 19:47:00,200.82000000,200.87000000,200.18000000,200.26000000,464.57185000
2019-05-13 19:48:00,200.26000000,200.48000000,199.91000000,200.48000000,607.10397000
2019-05-13 19:49:00,200.49000000,200.70000000,200.30000000,200.34000000,284.60530000
2019-05-13 19:50:00,200.35000000,200.61000000,200.31000000,200.61000000,92.11481000
2019-05-13 19:51:00,200.61000000,200.79000000,200.55000000,200.64000000,108.71446000
2019-05-13 19:52:00,200.63000000,200.63000000,200.17000000,200.42000000,1373.10678000
2019-05-13 19:53:00,200.43000000,200.54000000,200.13000000,200.44000000,215.63194000
2019-05-13 19:54:00,200.39000000,200.49000000,200.11000000,200.11000000,235.00209000
2019-05-13 19:55:00,200.11000000,200.42000000,199.97000000,200.41000000,164.57565000
2019-05-13 19:56:00,200.37000000,200.50000000,200.26000000,200.50000000,28.87751000
2019-05-13 19:57:00,200.48000000,200.53000000,200.35000000,200.41000000,141.10619000
2019-05-13 19:58:00,200.39000000,200.65000000,200.36000000,200.65000000,53.94062000
2019-05-13 19:59:00,200.61000000,200.63000000,200.23000000,200.26000000,125.26335000
2019-05-13 20:00:00,200.30000000,200.42000000,200.04000000,200.04000000,118.53231000
2019-05-13 20:01:00,200.04000000,200.22000000,199.83000000,199.97000000,478.26258000
2019-05-13 20:02:00,199.89000000,200.14000000,199.70000000,199.70000000,222.02030000
2019-05-13 20:03:00,199.70000000,199.78000000,198.35000000,198.92000000,1105.04614000
2019-05-13 20:04:00,199.08000000,199.69000000,198.81000000,199.30000000,617.12840000
2019-05-13 20:05:00,199.20000000,199.48000000,198.79000000,199.47000000,420.67928000
2019-05-13 20:06:00,199.42000000,199.66000000,199.03000000,199.25000000,345.14431000
2019-05-13 20:07:00,199.32000000,199.39000000,199.01000000,199.12000000,177.14483000
2019-05-13 20:08:00,199.12000000,199.73000000,199.04000000,199.36000000,280.95828000
2019-05-13 20:09:00,199.43000000,199.47000000,199.31000000,199.35000000,106.86913000
2019-05-13 20:10:00,199.35000000,199.64000000,199.35000000,199.48000000,80.03058000
2019-05-13 20:11:00,199.53000000,199.62000000,199.02000000,199.33000000,184.72994000
2019-05-13 20:12:00,199.25000000,199.33000000,199.08000000,199.33000000,65.74646000
2019-05-13 20:13:00,199.31000000,199.57000000,199.30000000,199.46000000,70.15118000
2019-05-13 20:14:00,199.40000000,199.90000000,199.36000000,199.85000000,133.24537000
2019-05-13 20:15:00,199.85000000,200.06000000,199.73000000,199.73000000,147.89971000
2019-05-13 20:16:00,199.73000000,199.84000000,199.35000000,199.46000000,105.20540000
2019-05-13 20:17:00,199.46000000,199.89000000,199.21000000,199.80000000,151.87795000
2019-05-13 20:18:00,199.70000000,199.84000000,199.59000000,199.66000000,75.06884000
2019-05-13 20:19:00,199.57000000,199.82000000,199.52000000,199.70000000,75.16977000
2019-05-13 20:20:00,199.68000000,200.04000000,199.68000000,199.80000000,283.24355000
2019-05-13 20:21:00,199.84000000,199.86000000,199.42000000,199.50000000,234.41102000
2019-05-13 20:22:00,199.44000000,199.69000000,199.35000000,199.69000000,111.83495000
2019-05-13 20:23:00,199.65000000,199.74000000,199.12000000,199.15000000,94.39950000
2019-05-13 20:24:00,199.13000000,199.36000000,199.01000000,199.30000000,79.70750000
2019-05-13 20:25:00,199.30000000,199.30000000,199.01000000,199.10000000,62.29180000
2019-05-13 20:26:00,199.01000000,199.38000000,199.00000000,199.38000000,209.00863000
2019-05-13 20:27:00,199.35000000,199.43000000,199.23000000,199.38000000,101.57849000
2019-05-13 20:28:00,199.29000000,199.38000000,199.20000000,199.36000000,155.93049000
2019-05-13 20:29:00,199.27000000,199.33000000,199.02000000,199.08000000,202.97840000
2019-05-13 20:30:00,199.17000000,199.50000000,199.17000000,199.25000000,174.29947000
2019-05-13 20:31:00,199.25000000,199.47000000,199.21000000,199.47000000,308.21104000
2019-05-13 20:32:00,199.39000000,199.47000000,199.01000000,199.32000000,272.68410000
2019-05-13 20:33:00,199.33000000,199.37000000,198.78000000,199.13000000,448.62316000
2019-05-13 20:34:00,199.13000000,199.37000000,199.05000000,199.10000000,134.67025000
2019-05-13 20:35:00,199.07000000,199.24000000,198.85000000,199.22000000,287.12052000
2019-05-13 20:36:00,199.15000000,199.28000000,199.02000000,199.25000000,63.46603000
2019-05-13 20:37:00,199.28000000,199.30000000,199.11000000,199.19000000,60.95901000
2019-05-13 20:38:00,199.17000000,199.30000000,199.10000000,199.21000000,149.64838000
2019-05-13 20:39:00,199.24000000,199.35000000,199.08000000,199.08000000,663.28131000
2019-05-13 20:40:00,199.16000000,199.20000000,198.94000000,199.04000000,83.22077000
2019-05-13 20:41:00,198.94000000,199.20000000,198.93000000,199.14000000,123.12436000
2019-05-13 20:42:00,199.08000000,199.16000000,198.98000000,199.03000000,61.62868000
2019-05-13 20:43:00,198.98000000,199.27000000,198.96000000,199.11000000,171.04775000
2019-05-13 20:44:00,199.11000000,199.21000000,198.99000000,199.03000000,122.84947000
2019-05-13 20:45:00,199.07000000,199.23000000,198.99000000,199.00000000,107.32447000
2019-05-13 20:46:00,199.01000000,199.09000000,198.71000000,198.94000000,312.12319000
2019-05-13 20:47:00,198.94000000,199.24000000,198.94000000,199.12000000,88.11641000
2019-05-13 20:48:00,199.12000000,199.32000000,199.11000000,199.15000000,101.54462000
2019-05-13 20:49:00,199.20000000,199.42000000,199.05000000,199.25000000,217.09442000
2019-05-13 20:50:00,199.34000000,199.45000000,199.14000000,199.31000000,160.89632000
2019-05-13 20:51:00,199.44000000,199.48000000,199.28000000,199.33000000,429.09124000
2019-05-13 20:52:00,199.33000000,199.42000000,199.17000000,199.42000000,114.60123000
2019-05-13 20:53:00,199.43000000,199.59000000,199.35000000,199.39000000,282.78491000
2019-05-13 20:54:00,199.40000000,199.47000000,199.22000000,199.24000000,211.07146000
2019-05-13 20:55:00,199.34000000,199.66000000,199.33000000,199.43000000,186.83725000
2019-05-13 20:56:00,199.43000000,199.61000000,199.30000000,199.36000000,76.73272000
2019-05-13 20:57:00,199.36000000,199.41000000,199.10000000,199.32000000,126.13615000
2019-05-13 20:58:00,199.25000000,199.45000000,199.13000000,199.24000000,64.69286000
2019-05-13 20:59:00,199.29000000,199.64000000,199.29000000,199.64000000,69.21890000
2019-05-13 21:00:00,199.66000000,199.71000000,199.44000000,199.53000000,69.74938000
2019-05-13 21:01:00,199.57000000,199.73000000,199.44000000,199.63000000,73.47018000
2019-05-13 21:02:00,199.62000000,199.80000000,199.51000000,199.73000000,166.85006000
2019-05-13 21:03:00,199.72000000,200.07000000,199.71000000,199.92000000,314.00579000
2019-05-13 21:04:00,199.92000000,200.12000000,199.92000000,200.05000000,154.69835000
2019-05-13 21:05:00,200.07000000,200.40000000,200.07000000,200.30000000,184.64093000
2019-05-13 21:06:00,200.39000000,200.78000000,200.31000000,200.78000000,424.02998000
2019-05-13 21:07:00,200.79000000,200.79000000,200.39000000,200.69000000,277.49402000
2019-05-13 21:08:00,200.69000000,201.73000000,200.69000000,201.65000000,1962.00612000
2019-05-13 21:09:00,201.72000000,201.88000000,201.12000000,201.47000000,463.71968000
2019-05-13 21:10:00,201.47000000,201.95000000,201.46000000,201.95000000,142.27070000
2019-05-13 21:11:00,201.92000000,202.27000000,201.92000000,202.09000000,580.98282000
2019-05-13 21:12:00,202.09000000,202.13000000,201.52000000,202.13000000,830.57699000
2019-05-13 21:13:00,201.99000000,202.50000000,201.96000000,202.43000000,924.58346000
2019-05-13 21:14:00,202.45000000,202.80000000,202.45000000,202.80000000,263.22495000
2019-05-13 21:15:00,202.70000000,203.15000000,202.70000000,202.93000000,485.08620000
2019-05-13 21:16:00,202.88000000,203.27000000,202.51000000,203.05000000,997.02628000
2019-05-13 21:17:00,202.98000000,203.00000000,202.67000000,202.67000000,379.65069000
2019-05-13 21:18:00,202.80000000,202.81000000,201.46000000,201.46000000,1006.69175000
2019-05-13 21:19:00,201.57000000,201.57000000,199.50000000,200.50000000,1560.70456000
2019-05-13 21:20:00,200.65000000,202.22000000,200.58000000,201.03000000,860.84815000
2019-05-13 21:21:00,201.04000000,201.30000000,201.03000000,201.14000000,308.45548000
2019-05-13 21:22:00,201.21000000,201.28000000,200.79000000,201.12000000,270.84370000
2019-05-13 21:23:00,201.03000000,201.46000000,200.91000000,201.43000000,242.88896000
2019-05-13 21:24:00,201.28000000,201.87000000,200.93000000,201.45000000,1712.22691000
2019-05-13 21:25:00,201.45000000,202.53000000,201.42000000,202.27000000,766.92003000
2019-05-13 21:26:00,202.15000000,202.46000000,201.54000000,201.76000000,580.08825000
2019-05-13 21:27:00,201.58000000,202.00000000,201.37000000,201.65000000,575.01319000
2019-05-13 21:28:00,201.65000000,201.80000000,201.53000000,201.80000000,234.36247000
2019-05-13 21:29:00,201.72000000,201.96000000,201.65000000,201.90000000,238.03272000
2019-05-13 21:30:00,201.81000000,201.95000000,201.74000000,201.90000000,229.86603000
2019-05-13 21:31:00,201.90000000,202.59000000,201.89000000,202.45000000,307.69747000
2019-05-13 21:32:00,202.50000000,202.94000000,202.42000000,202.72000000,1168.65351000
2019-05-13 21:33:00,202.73000000,203.00000000,202.62000000,203.00000000,911.38792000
2019-05-13 21:34:00,203.00000000,203.00000000,202.49000000,202.49000000,707.16863000
2019-05-13 21:35:00,202.49000000,202.49000000,200.50000000,200.98000000,1383.85050000
2019-05-13 21:36:00,200.98000000,201.16000000,199.51000000,200.83000000,3023.15988000
2019-05-13 21:37:00,200.86000000,201.58000000,200.70000000,201.31000000,1206.70432000
2019-05-13 21:38:00,201.30000000,201.99000000,201.21000000,201.76000000,314.41296000
2019-05-13 21:39:00,201.84000000,202.27000000,201.76000000,202.27000000,466.67131000
2019-05-13 21:40:00,202.13000000,202.37000000,201.58000000,201.58000000,1314.75134000
2019-05-13 21:41:00,201.69000000,202.19000000,201.60000000,202.17000000,727.09253000
2019-05-13 21:42:00,202.17000000,202.43000000,201.92000000,202.05000000,912.47295000
2019-05-13 21:43:00,202.07000000,202.47000000,202.00000000,202.21000000,1165.24619000
2019-05-13 21:44:00,202.29000000,202.50000000,202.25000000,202.30000000,352.35204000
2019-05-13 21:45:00,202.32000000,202.41000000,201.85000000,201.97000000,391.11922000
2019-05-13 21:46:00,201.89000000,202.12000000,201.81000000,201.91000000,274.01600000
2019-05-13 21:47:00,201.85000000,202.00000000,201.79000000,201.92000000,264.60588000
2019-05-13 21:48:00,201.90000000,202.45000000,201.90000000,202.40000000,341.42820000
2019-05-13 21:49:00,202.48000000,202.61000000,202.20000000,202.37000000,206.92343000
2019-05-13 21:50:00,202.32000000,202.38000000,201.99000000,201.99000000,368.46830000
2019-05-13 21:51:00,202.02000000,202.02000000,201.01000000,201.24000000,562.43212000
2019-05-13 21:52:00,201.18000000,201.39000000,200.63000000,201.24000000,990.29614000
2019-05-13 21:53:00,201.37000000,201.86000000,201.25000000,201.81000000,248.10087000
2019-05-13 21:54:00,201.81000000,201.81000000,201.44000000,201.77000000,180.38379000
2019-05-13 21:55:00,201.78000000,202.14000000,201.75000000,202.05000000,178.40936000
2019-05-13 21:56:00,202.10000000,202.14000000,201.84000000,201.98000000,379.87661000
2019-05-13 21:57:00,201.91000000,202.43000000,201.91000000,202.40000000,241.50239000
2019-05-13 21:58:00,202.41000000,202.59000000,202.34000000,202.54000000,318.99100000
2019-05-13 21:59:00,202.51000000,202.99000000,202.51000000,202.69000000,378.51864000
2019-05-13 22:00:00,202.68000000,203.00000000,202.43000000,202.67000000,400.70087000
2019-05-13 22:01:00,202.71000000,203.39000000,202.67000000,203.27000000,757.11547000
2019-05-13 22:02:00,203.25000000,204.00000000,203.25000000,203.90000000,625.77265000
2019-05-13 22:03:00,203.99000000,204.00000000,203.44000000,203.65000000,956.83904000
2019-05-13 22:04:00,203.65000000,203.76000000,203.35000000,203.35000000,1569.19646000
2019-05-13 22:05:00,203.43000000,203.43000000,202.66000000,203.11000000,623.34530000
2019-05-13 22:06:00,203.16000000,203.50000000,203.12000000,203.24000000,375.75261000
2019-05-13 22:07:00,203.22000000,203.30000000,203.00000000,203.01000000,311.03837000
2019-05-13 22:08:00,203.00000000,203.12000000,202.79000000,202.88000000,389.23271000
2019-05-13 22:09:00,202.96000000,203.25000000,202.70000000,203.25000000,578.40759000
2019-05-13 22:10:00,203.20000000,204.00000000,203.20000000,203.88000000,1013.85271000
2019-05-13 22:11:00,203.93000000,203.94000000,203.35000000,203.61000000,280.18245000
2019-05-13 22:12:00,203.59000000,203.72000000,203.35000000,203.47000000,279.11835000
2019-05-13 22:13:00,203.51000000,204.35000000,203.47000000,204.05000000,563.55444000
2019-05-13 22:14:00,204.05000000,204.55000000,204.05000000,204.55000000,373.90386000
2019-05-13 22:15:00,204.57000000,204.95000000,204.20000000,204.20000000,1400.24447000
2019-05-13 22:16:00,204.21000000,204.72000000,204.21000000,204.54000000,710.02321000
2019-05-13 22:17:00,204.64000000,204.64000000,204.15000000,204.28000000,373.24770000
2019-05-13 22:18:00,204.28000000,204.46000000,204.05000000,204.05000000,340.78875000
2019-05-13 22:19:00,204.05000000,204.10000000,203.22000000,203.34000000,637.41704000
2019-05-13 22:20:00,203.38000000,203.52000000,201.54000000,202.18000000,1547.68907000
2019-05-13 22:21:00,202.18000000,202.60000000,200.71000000,201.73000000,2929.19370000
2019-05-13 22:22:00,202.13000000,202.99000000,201.95000000,202.38000000,648.72524000
2019-05-13 22:23:00,202.47000000,202.52000000,202.08000000,202.37000000,688.90658000
2019-05-13 22:24:00,202.37000000,202.97000000,202.36000000,202.60000000,690.27169000
2019-05-13 22:25:00,202.60000000,202.68000000,202.11000000,202.22000000,591.67084000
2019-05-13 22:26:00,202.20000000,202.26000000,201.14000000,201.58000000,900.92232000
2019-05-13 22:27:00,201.58000000,201.58000000,200.57000000,200.77000000,1336.75354000
2019-05-13 22:28:00,200.74000000,201.73000000,200.63000000,201.18000000,876.74088000
2019-05-13 22:29:00,201.27000000,201.91000000,201.05000000,201.81000000,200.57614000
2019-05-13 22:30:00,201.91000000,201.94000000,201.40000000,201.55000000,169.23069000
2019-05-13 22:31:00,201.55000000,201.94000000,201.50000000,201.83000000,403.34502000
2019-05-13 22:32:00,201.94000000,202.61000000,201.76000000,202.31000000,518.81294000
2019-05-13 22:33:00,202.31000000,202.47000000,202.01000000,202.37000000,217.45066000
2019-05-13 22:34:00,202.27000000,202.55000000,202.14000000,202.20000000,312.13439000
2019-05-13 22:35:00,202.11000000,202.49000000,202.07000000,202.26000000,139.72427000
2019-05-13 22:36:00,202.26000000,202.41000000,201.25000000,201.82000000,369.61519000
2019-05-13 22:37:00,201.99000000,202.03000000,201.70000000,201.87000000,110.49027000
2019-05-13 22:38:00,201.86000000,201.87000000,201.62000000,201.63000000,151.27235000
2019-05-13 22:39:00,201.63000000,201.91000000,201.02000000,201.18000000,1143.48117000
2019-05-13 22:40:00,201.13000000,201.15000000,200.82000000,200.82000000,288.21830000
2019-05-13 22:41:00,200.85000000,201.39000000,200.81000000,201.05000000,237.71033000
2019-05-13 22:42:00,201.30000000,201.53000000,201.03000000,201.36000000,162.23253000
2019-05-13 22:43:00,201.38000000,201.76000000,201.25000000,201.62000000,253.85788000
2019-05-13 22:44:00,201.61000000,201.71000000,201.41000000,201.49000000,230.10553000
2019-05-13 22:45:00,201.59000000,201.74000000,201.45000000,201.60000000,128.91576000
2019-05-13 22:46:00,201.54000000,201.61000000,201.45000000,201.46000000,145.21042000
2019-05-13 22:47:00,201.46000000,201.62000000,201.40000000,201.50000000,281.23020000
2019-05-13 22:48:00,201.50000000,201.60000000,201.33000000,201.44000000,223.14423000
2019-05-13 22:49:00,201.34000000,201.44000000,201.15000000,201.22000000,210.27677000
2019-05-13 22:50:00,201.25000000,201.43000000,199.53000000,200.56000000,1876.14627000
2019-05-13 22:51:00,200.39000000,201.28000000,194.71000000,198.66000000,9287.45991000
2019-05-13 22:52:00,198.87000000,199.52000000,195.45000000,196.42000000,4793.23268000
2019-05-13 22:53:00,196.43000000,198.20000000,196.24000000,197.69000000,4478.65019000
2019-05-13 22:54:00,197.71000000,198.11000000,197.51000000,198.00000000,1967.61539000
2019-05-13 22:55:00,198.00000000,198.00000000,196.50000000,197.30000000,2994.46063000
2019-05-13 22:56:00,197.43000000,197.57000000,195.56000000,195.68000000,1201.50090000
2019-05-13 22:57:00,195.99000000,196.41000000,194.00000000,195.63000000,5046.49523000
2019-05-13 22:58:00,195.65000000,196.79000000,195.24000000,196.17000000,1607.81562000
2019-05-13 22:59:00,196.20000000,196.53000000,195.84000000,196.32000000,1983.52879000
