Opened,Open,High,Low,Close,Volume
2018-02-01 21:32:00,147.31000000,147.92000000,147.31000000,147.92000000,29.23627000
2018-02-01 21:33:00,147.70000000,147.94000000,147.53000000,147.67000000,75.54680000
2018-02-01 21:34:00,147.59000000,147.60000000,147.56000000,147.56000000,24.09954000
2018-02-01 21:35:00,147.58000000,147.93000000,147.56000000,147.93000000,45.96962000
2018-02-01 21:36:00,147.93000000,149.00000000,147.93000000,149.00000000,214.96639000
2018-02-01 21:37:00,148.88000000,150.00000000,148.88000000,149.45000000,115.45516000
2018-02-01 21:38:00,149.47000000,150.00000000,149.44000000,149.70000000,153.87761000
2018-02-01 21:39:00,149.70000000,150.41000000,149.40000000,149.82000000,96.89370000
2018-02-01 21:40:00,150.03000000,150.31000000,149.72000000,149.84000000,41.63037000
2018-02-01 21:41:00,149.84000000,150.00000000,149.83000000,150.00000000,36.86107000
2018-02-01 21:42:00,150.02000000,150.51000000,150.02000000,150.48000000,32.53116000
2018-02-01 21:43:00,150.52000000,151.22000000,150.29000000,150.86000000,63.94674000
2018-02-01 21:44:00,150.91000000,150.99000000,150.91000000,150.91000000,27.41889000
2018-02-01 21:45:00,150.91000000,150.91000000,149.79000000,149.79000000,98.49017000
2018-02-01 21:46:00,149.79000000,150.08000000,149.28000000,150.03000000,42.45415000
2018-02-01 21:47:00,150.03000000,151.01000000,150.03000000,150.40000000,28.82660000
2018-02-01 21:48:00,150.55000000,150.81000000,150.03000000,150.03000000,28.88809000
2018-02-01 21:49:00,150.03000000,150.03000000,149.00000000,149.00000000,101.54378000
2018-02-01 21:50:00,149.00000000,149.42000000,148.70000000,149.42000000,72.05484000
2018-02-01 21:51:00,149.48000000,149.48000000,148.49000000,148.49000000,39.29511000
2018-02-01 21:52:00,148.49000000,148.74000000,147.69000000,148.26000000,50.70514000
2018-02-01 21:53:00,147.56000000,147.56000000,147.42000000,147.56000000,76.69627000
2018-02-01 21:54:00,147.56000000,149.36000000,147.56000000,148.83000000,154.81417000
2018-02-01 21:55:00,148.88000000,149.80000000,147.82000000,148.39000000,80.71242000
2018-02-01 21:56:00,147.86000000,148.00000000,147.43000000,147.83000000,39.86580000
2018-02-01 21:57:00,147.60000000,147.83000000,147.00000000,147.39000000,232.78433000
2018-02-01 21:58:00,147.67000000,147.84000000,147.67000000,147.83000000,11.31165000
2018-02-01 21:59:00,147.61000000,147.83000000,147.54000000,147.83000000,44.09860000
2018-02-01 22:00:00,147.64000000,147.64000000,147.00000000,147.00000000,94.01926000
2018-02-01 22:01:00,147.07000000,147.07000000,146.02000000,146.02000000,45.19776000
2018-02-01 22:02:00,146.03000000,146.03000000,145.19000000,145.71000000,98.74308000
2018-02-01 22:03:00,145.25000000,145.91000000,145.00000000,145.91000000,149.56068000
2018-02-01 22:04:00,145.94000000,146.45000000,145.82000000,146.35000000,92.74255000
2018-02-01 22:05:00,145.82000000,146.28000000,145.12000000,145.12000000,51.84927000
2018-02-01 22:06:00,145.12000000,145.47000000,143.02000000,145.43000000,353.68179000
2018-02-01 22:07:00,145.44000000,145.61000000,145.16000000,145.16000000,46.26333000
2018-02-01 22:08:00,145.16000000,145.67000000,145.16000000,145.39000000,22.92994000
2018-02-01 22:09:00,145.41000000,146.22000000,145.39000000,146.22000000,15.27516000
2018-02-01 22:10:00,146.32000000,151.00000000,146.32000000,146.98000000,373.05780000
2018-02-01 22:11:00,146.99000000,147.84000000,146.61000000,147.08000000,62.23825000
2018-02-01 22:12:00,147.17000000,147.67000000,147.17000000,147.67000000,23.96869000
2018-02-01 22:13:00,147.67000000,147.67000000,146.73000000,146.74000000,18.20370000
2018-02-01 22:14:00,146.74000000,146.74000000,145.82000000,146.35000000,59.85960000
2018-02-01 22:15:00,146.00000000,146.99000000,146.00000000,146.99000000,35.25477000
2018-02-01 22:16:00,146.54000000,147.12000000,146.51000000,147.12000000,59.92982000
2018-02-01 22:17:00,146.64000000,146.64000000,146.20000000,146.20000000,63.21897000
2018-02-01 22:18:00,146.52000000,146.53000000,145.93000000,145.93000000,25.45856000
2018-02-01 22:19:00,146.53000000,146.53000000,145.65000000,146.21000000,20.03514000
2018-02-01 22:20:00,146.02000000,146.37000000,145.75000000,146.37000000,12.16219000
2018-02-01 22:21:00,146.55000000,146.80000000,146.08000000,146.08000000,180.69002000
2018-02-01 22:22:00,145.89000000,146.57000000,145.88000000,146.57000000,3.56762000
2018-02-01 22:23:00,146.08000000,146.08000000,146.08000000,146.08000000,0.28999000
2018-02-01 22:24:00,146.09000000,146.55000000,146.08000000,146.23000000,36.38696000
2018-02-01 22:25:00,146.05000000,146.22000000,145.42000000,145.42000000,17.08410000
2018-02-01 22:26:00,146.00000000,146.21000000,145.53000000,146.21000000,18.50121000
2018-02-01 22:27:00,146.21000000,146.21000000,146.11000000,146.11000000,1.87199000
2018-02-01 22:28:00,146.21000000,146.21000000,146.11000000,146.12000000,12.55863000
2018-02-01 22:29:00,146.12000000,146.12000000,146.11000000,146.11000000,53.41483000
2018-02-01 22:30:00,146.11000000,146.18000000,145.73000000,145.73000000,8.59896000
2018-02-01 22:31:00,145.74000000,146.24000000,145.46000000,145.46000000,36.05389000
2018-02-01 22:32:00,146.18000000,146.26000000,146.18000000,146.26000000,35.08782000
2018-02-01 22:33:00,146.26000000,146.56000000,146.15000000,146.15000000,32.14789000
2018-02-01 22:34:00,146.03000000,146.08000000,146.03000000,146.08000000,1.28914000
2018-02-01 22:35:00,146.08000000,146.55000000,146.08000000,146.55000000,0.35107000
2018-02-01 22:36:00,146.18000000,146.18000000,146.14000000,146.14000000,2.38000000
2018-02-01 22:37:00,146.03000000,146.03000000,145.46000000,145.46000000,6.96539000
2018-02-01 22:38:00,145.87000000,145.88000000,145.46000000,145.46000000,2.82924000
2018-02-01 22:39:00,145.46000000,145.46000000,145.26000000,145.26000000,14.10086000
2018-02-01 22:40:00,145.26000000,145.26000000,144.06000000,144.06000000,153.51496000
2018-02-01 22:41:00,144.41000000,144.41000000,144.00000000,144.06000000,49.09942000
2018-02-01 22:42:00,144.02000000,144.02000000,143.46000000,143.93000000,29.20747000
2018-02-01 22:43:00,143.93000000,143.93000000,143.34000000,143.34000000,6.51518000
2018-02-01 22:44:00,143.93000000,143.93000000,143.44000000,143.88000000,2.30569000
2018-02-01 22:45:00,143.52000000,143.80000000,143.49000000,143.49000000,6.93253000
2018-02-01 22:46:00,143.33000000,143.50000000,143.06000000,143.06000000,139.62964000
2018-02-01 22:47:00,143.05000000,144.00000000,143.05000000,144.00000000,20.84586000
2018-02-01 22:48:00,143.43000000,143.43000000,143.43000000,143.43000000,5.86999000
2018-02-01 22:49:00,143.18000000,143.44000000,142.01000000,143.42000000,216.18041000
2018-02-01 22:50:00,143.00000000,143.44000000,143.00000000,143.42000000,38.46943000
2018-02-01 22:51:00,143.42000000,143.42000000,142.91000000,142.91000000,40.48967000
2018-02-01 22:52:00,142.90000000,143.11000000,142.50000000,142.51000000,157.91734000
2018-02-01 22:53:00,142.50000000,142.50000000,142.24000000,142.24000000,46.57910000
2018-02-01 22:54:00,142.24000000,142.56000000,142.00000000,142.56000000,113.78811000
2018-02-01 22:55:00,142.57000000,143.31000000,142.27000000,142.75000000,130.95327000
2018-02-01 22:56:00,142.75000000,142.99000000,142.32000000,142.39000000,160.99642000
2018-02-01 22:57:00,142.37000000,142.76000000,142.00000000,142.49000000,42.38166000
2018-02-01 22:58:00,142.48000000,142.76000000,142.03000000,142.75000000,45.96547000
2018-02-01 22:59:00,142.48000000,142.75000000,141.78000000,142.14000000,41.62562000
2018-02-01 23:00:00,141.89000000,142.19000000,141.78000000,141.89000000,41.67027000
2018-02-01 23:01:00,141.89000000,142.09000000,141.89000000,142.07000000,19.70277000
2018-02-01 23:02:00,141.89000000,142.24000000,141.89000000,142.24000000,18.94527000
2018-02-01 23:03:00,142.24000000,142.53000000,142.23000000,142.53000000,11.25139000
2018-02-01 23:04:00,142.80000000,143.53000000,142.80000000,143.53000000,40.88479000
2018-02-01 23:05:00,143.46000000,144.06000000,143.46000000,144.06000000,9.97850000
2018-02-01 23:06:00,144.06000000,144.49000000,144.06000000,144.45000000,79.85586000
2018-02-01 23:07:00,144.61000000,144.95000000,144.55000000,144.57000000,57.85024000
2018-02-01 23:08:00,144.57000000,144.57000000,142.24000000,144.33000000,28.17380000
2018-02-01 23:09:00,144.19000000,144.20000000,143.66000000,143.72000000,9.92196000
2018-02-01 23:10:00,143.72000000,144.28000000,143.72000000,144.26000000,19.43151000
2018-02-01 23:11:00,144.31000000,145.05000000,144.30000000,145.05000000,28.13768000
2018-02-01 23:12:00,144.85000000,144.85000000,144.51000000,144.51000000,8.84236000
2018-02-01 23:13:00,144.33000000,144.41000000,143.73000000,144.28000000,44.01063000
2018-02-01 23:14:00,143.58000000,143.89000000,143.58000000,143.89000000,0.17172000
2018-02-01 23:15:00,143.51000000,143.51000000,142.66000000,142.66000000,50.01635000
2018-02-01 23:16:00,142.69000000,143.49000000,142.69000000,143.05000000,25.25223000
2018-02-01 23:17:00,143.05000000,143.46000000,143.05000000,143.05000000,11.49088000
2018-02-01 23:18:00,143.46000000,144.30000000,143.46000000,144.15000000,27.03134000
2018-02-01 23:19:00,144.30000000,147.12000000,144.30000000,144.46000000,224.34683000
2018-02-01 23:20:00,145.00000000,145.00000000,143.49000000,143.49000000,67.93324000
2018-02-01 23:21:00,144.57000000,144.57000000,144.57000000,144.57000000,0.88750000
2018-02-01 23:22:00,144.57000000,144.74000000,144.15000000,144.74000000,21.92431000
2018-02-01 23:23:00,144.22000000,144.72000000,144.22000000,144.50000000,30.55975000
2018-02-01 23:24:00,144.72000000,145.12000000,144.72000000,145.12000000,8.16576000
2018-02-01 23:25:00,145.12000000,145.51000000,145.11000000,145.12000000,59.64254000
2018-02-01 23:26:00,145.12000000,145.20000000,145.06000000,145.06000000,28.29634000
2018-02-01 23:27:00,145.05000000,145.15000000,144.93000000,144.93000000,8.20695000
2018-02-01 23:28:00,145.06000000,145.49000000,144.97000000,145.48000000,17.04666000
2018-02-01 23:29:00,145.41000000,146.15000000,145.11000000,145.74000000,88.66388000
2018-02-01 23:30:00,145.75000000,145.75000000,145.50000000,145.50000000,29.41838000
2018-02-01 23:31:00,145.50000000,145.50000000,145.02000000,145.02000000,89.36861000
2018-02-01 23:32:00,145.02000000,145.02000000,144.49000000,144.49000000,21.98526000
2018-02-01 23:33:00,144.75000000,144.75000000,144.75000000,144.75000000,1.18999000
2018-02-01 23:34:00,144.71000000,144.93000000,144.49000000,144.93000000,23.34314000
2018-02-01 23:35:00,144.93000000,144.93000000,144.93000000,144.93000000,0.35900000
2018-02-01 23:36:00,144.99000000,144.99000000,144.66000000,144.66000000,0.53007000
2018-02-01 23:37:00,144.78000000,144.78000000,144.78000000,144.78000000,10.43558000
2018-02-01 23:38:00,144.78000000,144.97000000,144.66000000,144.85000000,34.54961000
2018-02-01 23:39:00,144.83000000,146.50000000,144.82000000,145.40000000,132.63713000
2018-02-01 23:40:00,145.40000000,145.40000000,145.29000000,145.29000000,53.31948000
2018-02-01 23:41:00,145.35000000,145.72000000,145.08000000,145.08000000,14.81280000
2018-02-01 23:42:00,145.29000000,145.29000000,145.00000000,145.00000000,2.98175000
2018-02-01 23:43:00,145.01000000,145.29000000,145.00000000,145.00000000,15.86192000
2018-02-01 23:44:00,145.01000000,145.29000000,145.01000000,145.18000000,35.40241000
2018-02-01 23:45:00,145.29000000,146.70000000,145.29000000,145.45000000,215.60940000
2018-02-01 23:46:00,145.45000000,145.66000000,145.45000000,145.66000000,7.34044000
2018-02-01 23:47:00,145.45000000,145.51000000,145.19000000,145.29000000,44.54835000
2018-02-01 23:48:00,145.29000000,145.51000000,144.98000000,144.98000000,277.48767000
2018-02-01 23:49:00,145.01000000,145.01000000,145.01000000,145.01000000,7.82881000
2018-02-01 23:50:00,145.01000000,145.01000000,145.01000000,145.01000000,0.00000000
2018-02-01 23:51:00,144.66000000,144.66000000,144.66000000,144.66000000,2.66999000
2018-02-01 23:52:00,144.66000000,144.66000000,144.23000000,144.23000000,5.97603000
2018-02-01 23:53:00,144.23000000,144.23000000,143.99000000,144.00000000,25.96739000
2018-02-01 23:54:00,144.00000000,144.00000000,143.95000000,144.00000000,58.26281000
2018-02-01 23:55:00,144.00000000,144.00000000,143.80000000,143.84000000,12.66740000
2018-02-01 23:56:00,143.83000000,143.83000000,143.02000000,143.50000000,59.48140000
2018-02-01 23:57:00,143.50000000,143.50000000,142.06000000,143.50000000,242.92019000
2018-02-01 23:58:00,143.83000000,144.13000000,143.72000000,143.75000000,21.13895000
2018-02-01 23:59:00,144.11000000,144.34000000,143.69000000,143.69000000,39.79894000
2018-02-02 00:00:00,144.04000000,144.06000000,143.37000000,143.37000000,90.22045000
2018-02-02 00:01:00,143.43000000,144.06000000,143.43000000,144.06000000,13.67781000
2018-02-02 00:02:00,144.06000000,144.22000000,144.06000000,144.22000000,12.76998000
2018-02-02 00:03:00,144.22000000,144.28000000,144.22000000,144.22000000,3.60159000
2018-02-02 00:04:00,144.22000000,144.22000000,143.37000000,143.38000000,54.10676000
2018-02-02 00:05:00,143.37000000,143.37000000,142.82000000,142.98000000,5.75980000
2018-02-02 00:06:00,142.82000000,143.07000000,142.06000000,142.37000000,128.29130000
2018-02-02 00:07:00,142.46000000,142.46000000,142.44000000,142.44000000,7.70281000
2018-02-02 00:08:00,142.06000000,142.42000000,141.60000000,142.42000000,52.93375000
2018-02-02 00:09:00,141.92000000,142.48000000,141.92000000,141.93000000,34.29248000
2018-02-02 00:10:00,141.97000000,141.97000000,141.05000000,141.05000000,60.93512000
2018-02-02 00:11:00,141.56000000,142.10000000,141.05000000,141.34000000,30.50469000
2018-02-02 00:12:00,141.55000000,141.86000000,141.54000000,141.54000000,11.85414000
2018-02-02 00:13:00,141.53000000,141.54000000,141.50000000,141.54000000,51.28488000
2018-02-02 00:14:00,141.53000000,141.54000000,141.30000000,141.30000000,12.55742000
2018-02-02 00:15:00,141.38000000,141.38000000,140.00000000,140.13000000,81.63363000
2018-02-02 00:16:00,140.10000000,140.47000000,140.02000000,140.02000000,11.03619000
2018-02-02 00:17:00,140.08000000,141.28000000,140.08000000,140.92000000,28.37271000
2018-02-02 00:18:00,141.02000000,141.55000000,140.78000000,140.78000000,35.44575000
2018-02-02 00:19:00,140.77000000,140.77000000,140.41000000,140.41000000,88.47619000
2018-02-02 00:20:00,140.41000000,140.87000000,140.41000000,140.87000000,11.61948000
2018-02-02 00:21:00,140.46000000,140.87000000,140.42000000,140.51000000,29.50698000
2018-02-02 00:22:00,140.48000000,141.22000000,140.48000000,140.75000000,30.25015000
2018-02-02 00:23:00,140.75000000,140.79000000,140.13000000,140.13000000,40.80767000
2018-02-02 00:24:00,140.16000000,140.66000000,140.10000000,140.18000000,22.31066000
2018-02-02 00:25:00,140.10000000,140.42000000,139.42000000,139.42000000,77.59586000
2018-02-02 00:26:00,139.42000000,139.53000000,138.58000000,139.25000000,153.85594000
2018-02-02 00:27:00,138.58000000,139.45000000,138.55000000,139.45000000,65.03134000
2018-02-02 00:28:00,139.45000000,140.26000000,139.16000000,140.19000000,92.29485000
2018-02-02 00:29:00,140.19000000,140.30000000,139.18000000,139.18000000,86.45675000
2018-02-02 00:30:00,138.95000000,139.51000000,138.24000000,139.39000000,52.77310000
2018-02-02 00:31:00,139.39000000,140.06000000,139.39000000,139.70000000,30.09164000
2018-02-02 00:32:00,139.70000000,140.03000000,138.96000000,139.10000000,48.40144000
2018-02-02 00:33:00,138.96000000,139.10000000,138.40000000,139.05000000,31.72261000
2018-02-02 00:34:00,139.10000000,139.10000000,138.68000000,138.68000000,25.66206000
2018-02-02 00:35:00,138.68000000,138.68000000,138.27000000,138.27000000,116.81258000
2018-02-02 00:36:00,138.27000000,138.27000000,138.06000000,138.06000000,184.09923000
2018-02-02 00:37:00,138.06000000,138.51000000,138.06000000,138.51000000,24.67814000
2018-02-02 00:38:00,138.65000000,140.25000000,138.65000000,139.52000000,44.74131000
2018-02-02 00:39:00,139.53000000,141.21000000,139.52000000,139.99000000,186.72230000
2018-02-02 00:40:00,140.77000000,140.77000000,140.05000000,140.05000000,4.54561000
2018-02-02 00:41:00,139.60000000,139.70000000,139.02000000,139.20000000,47.72551000
2018-02-02 00:42:00,139.60000000,140.08000000,139.60000000,139.60000000,24.09315000
2018-02-02 00:43:00,139.55000000,139.55000000,138.54000000,139.04000000,56.52952000
2018-02-02 00:44:00,139.05000000,139.54000000,138.87000000,139.17000000,28.04503000
2018-02-02 00:45:00,138.87000000,139.12000000,138.51000000,138.51000000,26.68981000
2018-02-02 00:46:00,138.51000000,138.51000000,138.20000000,138.20000000,20.49437000
2018-02-02 00:47:00,138.20000000,138.32000000,138.06000000,138.32000000,56.74089000
2018-02-02 00:48:00,138.11000000,139.34000000,138.11000000,139.33000000,64.41090000
2018-02-02 00:49:00,139.02000000,139.32000000,138.41000000,138.41000000,53.07157000
2018-02-02 00:50:00,138.58000000,138.91000000,138.55000000,138.91000000,9.48427000
2018-02-02 00:51:00,138.84000000,138.84000000,138.10000000,138.10000000,13.69248000
2018-02-02 00:52:00,138.13000000,138.49000000,137.38000000,138.49000000,150.12118000
2018-02-02 00:53:00,137.65000000,138.49000000,137.17000000,137.17000000,47.70159000
2018-02-02 00:54:00,137.17000000,137.17000000,136.38000000,136.75000000,101.26577000
2018-02-02 00:55:00,136.59000000,136.93000000,136.31000000,136.93000000,72.62948000
2018-02-02 00:56:00,136.94000000,137.10000000,136.49000000,137.00000000,90.31358000
2018-02-02 00:57:00,137.01000000,137.16000000,136.31000000,136.31000000,132.87229000
2018-02-02 00:58:00,136.31000000,136.81000000,136.31000000,136.80000000,58.89066000
2018-02-02 00:59:00,136.32000000,136.76000000,136.30000000,136.31000000,36.44880000
2018-02-02 01:00:00,136.31000000,136.73000000,136.21000000,136.22000000,48.11610000
2018-02-02 01:01:00,136.22000000,136.50000000,136.01000000,136.01000000,27.61279000
2018-02-02 01:02:00,136.01000000,136.50000000,135.84000000,136.50000000,42.24957000
2018-02-02 01:03:00,136.50000000,137.19000000,136.50000000,137.18000000,20.99548000
2018-02-02 01:04:00,137.18000000,137.33000000,136.83000000,137.33000000,30.03118000
2018-02-02 01:05:00,136.53000000,137.08000000,136.33000000,136.44000000,6.52927000
2018-02-02 01:06:00,136.51000000,136.86000000,136.44000000,136.44000000,16.00657000
2018-02-02 01:07:00,136.33000000,136.77000000,135.37000000,136.77000000,242.44941000
2018-02-02 01:08:00,135.92000000,136.14000000,135.57000000,135.98000000,136.70451000
2018-02-02 01:09:00,135.98000000,136.18000000,135.50000000,136.18000000,259.32918000
2018-02-02 01:10:00,136.06000000,137.91000000,136.01000000,137.88000000,79.54664000
2018-02-02 01:11:00,138.12000000,138.14000000,137.44000000,138.12000000,110.69548000
2018-02-02 01:12:00,138.05000000,138.22000000,137.89000000,137.91000000,18.30125000
2018-02-02 01:13:00,137.95000000,139.24000000,137.91000000,139.24000000,159.30327000
2018-02-02 01:14:00,139.08000000,140.12000000,139.08000000,139.84000000,49.56851000
2018-02-02 01:15:00,139.42000000,139.84000000,139.35000000,139.84000000,72.78329000
2018-02-02 01:16:00,140.15000000,140.43000000,140.15000000,140.43000000,11.60196000
2018-02-02 01:17:00,140.47000000,142.90000000,140.46000000,140.72000000,201.18758000
2018-02-02 01:18:00,140.84000000,142.37000000,140.73000000,141.48000000,50.92354000
2018-02-02 01:19:00,141.99000000,141.99000000,141.33000000,141.33000000,14.37206000
2018-02-02 01:20:00,141.33000000,141.33000000,140.87000000,140.95000000,16.21940000
2018-02-02 01:21:00,141.10000000,141.60000000,141.10000000,141.58000000,8.90376000
2018-02-02 01:22:00,141.14000000,141.14000000,140.21000000,140.22000000,75.86212000
2018-02-02 01:23:00,140.20000000,140.43000000,140.00000000,140.00000000,65.39154000
2018-02-02 01:24:00,139.84000000,140.00000000,139.26000000,139.87000000,34.34983000
2018-02-02 01:25:00,139.87000000,139.87000000,137.40000000,139.52000000,118.25553000
2018-02-02 01:26:00,139.21000000,139.21000000,139.00000000,139.00000000,1.43580000
2018-02-02 01:27:00,138.94000000,139.19000000,138.76000000,138.76000000,12.83053000
2018-02-02 01:28:00,138.76000000,139.07000000,137.38000000,138.74000000,42.21181000
2018-02-02 01:29:00,137.98000000,138.06000000,137.95000000,137.95000000,17.38043000
2018-02-02 01:30:00,137.43000000,137.96000000,136.95000000,137.33000000,31.84961000
2018-02-02 01:31:00,137.31000000,137.31000000,136.95000000,136.95000000,6.05771000
2018-02-02 01:32:00,136.95000000,136.95000000,135.88000000,136.36000000,52.40839000
2018-02-02 01:33:00,136.36000000,137.00000000,136.33000000,137.00000000,73.33720000
2018-02-02 01:34:00,137.00000000,137.00000000,135.71000000,136.37000000,37.14502000
2018-02-02 01:35:00,136.37000000,136.37000000,135.82000000,135.82000000,36.02290000
2018-02-02 01:36:00,135.82000000,136.12000000,135.55000000,135.79000000,9.37534000
2018-02-02 01:37:00,135.79000000,135.82000000,135.51000000,135.51000000,18.99787000
2018-02-02 01:38:00,135.51000000,135.82000000,135.05000000,135.82000000,177.51335000
2018-02-02 01:39:00,135.24000000,135.82000000,135.17000000,135.68000000,29.44774000
2018-02-02 01:40:00,135.68000000,136.26000000,135.68000000,136.26000000,32.23675000
2018-02-02 01:41:00,136.48000000,136.91000000,136.12000000,136.12000000,63.08887000
2018-02-02 01:42:00,135.85000000,135.99000000,135.82000000,135.99000000,138.31882000
2018-02-02 01:43:00,135.82000000,135.94000000,135.82000000,135.82000000,41.12074000
2018-02-02 01:44:00,135.94000000,136.43000000,135.82000000,136.28000000,133.52485000
2018-02-02 01:45:00,136.28000000,136.92000000,135.82000000,136.44000000,122.25907000
2018-02-02 01:46:00,136.50000000,137.90000000,136.43000000,137.81000000,120.33276000
2018-02-02 01:47:00,137.20000000,138.29000000,137.20000000,137.88000000,59.17869000
2018-02-02 01:48:00,137.97000000,138.11000000,137.60000000,137.60000000,10.15203000
2018-02-02 01:49:00,137.59000000,137.60000000,136.95000000,137.29000000,96.59216000
2018-02-02 01:50:00,137.02000000,137.02000000,136.68000000,136.68000000,3.35896000
2018-02-02 01:51:00,136.68000000,136.99000000,136.68000000,136.70000000,21.93717000
2018-02-02 01:52:00,136.99000000,136.99000000,136.99000000,136.99000000,0.60600000
2018-02-02 01:53:00,136.99000000,136.99000000,136.69000000,136.69000000,8.21667000
2018-02-02 01:54:00,136.50000000,136.97000000,135.90000000,136.08000000,66.91040000
2018-02-02 01:55:00,136.08000000,136.50000000,135.90000000,135.90000000,92.08413000
2018-02-02 01:56:00,135.90000000,136.27000000,135.90000000,136.22000000,20.03808000
2018-02-02 01:57:00,136.24000000,136.41000000,136.01000000,136.01000000,18.27100000
2018-02-02 01:58:00,136.07000000,136.32000000,135.82000000,135.88000000,56.45573000
2018-02-02 01:59:00,135.87000000,136.39000000,135.82000000,135.82000000,184.07203000
2018-02-02 02:00:00,135.82000000,135.98000000,135.82000000,135.82000000,37.56084000
2018-02-02 02:01:00,135.83000000,136.18000000,135.82000000,136.14000000,70.51015000
2018-02-02 02:02:00,136.14000000,136.17000000,135.86000000,136.17000000,37.58189000
2018-02-02 02:03:00,136.17000000,136.17000000,135.82000000,136.00000000,40.73142000
2018-02-02 02:04:00,136.00000000,136.14000000,135.83000000,136.14000000,10.12094000
2018-02-02 02:05:00,135.87000000,135.89000000,135.86000000,135.89000000,43.83995000
2018-02-02 02:06:00,135.89000000,136.41000000,135.87000000,136.41000000,51.68109000
2018-02-02 02:07:00,136.49000000,137.16000000,136.40000000,136.46000000,44.86382000
2018-02-02 02:08:00,136.45000000,137.16000000,136.23000000,136.50000000,73.22002000
2018-02-02 02:09:00,136.67000000,136.92000000,136.66000000,136.92000000,2.58998000
2018-02-02 02:10:00,136.66000000,136.89000000,136.43000000,136.60000000,19.92050000
2018-02-02 02:11:00,136.87000000,137.13000000,136.66000000,137.10000000,87.14771000
2018-02-02 02:12:00,137.35000000,137.35000000,136.83000000,136.93000000,43.45460000
2018-02-02 02:13:00,137.01000000,137.32000000,136.98000000,136.98000000,42.21753000
2018-02-02 02:14:00,136.86000000,137.00000000,136.79000000,137.00000000,29.30363000
2018-02-02 02:15:00,137.00000000,137.01000000,137.00000000,137.01000000,5.50499000
2018-02-02 02:16:00,137.31000000,137.44000000,137.02000000,137.02000000,31.13650000
2018-02-02 02:17:00,137.01000000,137.02000000,136.78000000,136.80000000,26.50807000
2018-02-02 02:18:00,136.80000000,136.80000000,136.60000000,136.60000000,33.71159000
2018-02-02 02:19:00,136.60000000,136.60000000,136.50000000,136.50000000,9.33879000
2018-02-02 02:20:00,136.53000000,136.53000000,136.50000000,136.50000000,68.41268000
2018-02-02 02:21:00,136.50000000,136.72000000,136.37000000,136.72000000,41.19840000
2018-02-02 02:22:00,136.84000000,136.87000000,136.53000000,136.87000000,9.45637000
2018-02-02 02:23:00,136.72000000,136.72000000,136.57000000,136.57000000,11.62513000
2018-02-02 02:24:00,136.86000000,136.86000000,136.52000000,136.52000000,0.57990000
2018-02-02 02:25:00,136.52000000,136.52000000,136.47000000,136.47000000,123.50988000
2018-02-02 02:26:00,136.47000000,136.47000000,136.00000000,136.00000000,64.67195000
2018-02-02 02:27:00,136.00000000,136.21000000,135.91000000,136.00000000,34.02761000
2018-02-02 02:28:00,136.21000000,136.74000000,136.21000000,136.74000000,19.30860000
2018-02-02 02:29:00,136.64000000,136.74000000,136.64000000,136.74000000,47.19000000
2018-02-02 02:30:00,136.66000000,137.50000000,136.57000000,136.74000000,123.34227000
2018-02-02 02:31:00,136.73000000,137.40000000,136.63000000,136.97000000,27.88437000
2018-02-02 02:32:00,136.96000000,136.97000000,136.29000000,136.40000000,49.28958000
2018-02-02 02:33:00,136.40000000,136.45000000,136.30000000,136.42000000,4.84432000
2018-02-02 02:34:00,136.44000000,136.56000000,136.44000000,136.56000000,12.38065000
2018-02-02 02:35:00,136.56000000,136.60000000,136.10000000,136.45000000,82.09598000
2018-02-02 02:36:00,136.05000000,136.42000000,136.04000000,136.05000000,23.81879000
2018-02-02 02:37:00,136.07000000,136.37000000,136.04000000,136.30000000,11.75357000
2018-02-02 02:38:00,136.30000000,136.36000000,136.03000000,136.33000000,28.96808000
2018-02-02 02:39:00,136.37000000,136.37000000,136.19000000,136.19000000,13.45941000
2018-02-02 02:40:00,136.33000000,137.00000000,136.33000000,136.63000000,65.40712000
2018-02-02 02:41:00,136.99000000,137.00000000,136.33000000,136.42000000,60.44559000
2018-02-02 02:42:00,136.60000000,136.99000000,136.53000000,136.53000000,26.87921000
2018-02-02 02:43:00,136.95000000,137.00000000,136.58000000,136.58000000,59.94764000
2018-02-02 02:44:00,136.60000000,136.80000000,136.37000000,136.74000000,81.79293000
2018-02-02 02:45:00,136.38000000,136.78000000,136.37000000,136.37000000,0.76400000
2018-02-02 02:46:00,136.37000000,136.37000000,136.37000000,136.37000000,1.93277000
2018-02-02 02:47:00,136.37000000,136.38000000,136.21000000,136.21000000,41.00602000
2018-02-02 02:48:00,136.21000000,136.69000000,136.21000000,136.69000000,36.18735000
2018-02-02 02:49:00,136.65000000,136.78000000,136.31000000,136.31000000,6.10391000
2018-02-02 02:50:00,136.31000000,136.48000000,136.31000000,136.48000000,4.71072000
2018-02-02 02:51:00,136.51000000,137.72000000,136.51000000,136.98000000,84.36951000
2018-02-02 02:52:00,136.99000000,137.23000000,136.99000000,137.23000000,41.36185000
2018-02-02 02:53:00,137.23000000,137.95000000,137.23000000,137.95000000,11.24939000
2018-02-02 02:54:00,138.13000000,138.13000000,138.00000000,138.00000000,1.52000000
2018-02-02 02:55:00,137.98000000,138.51000000,137.85000000,138.50000000,45.17287000
2018-02-02 02:56:00,138.73000000,139.90000000,138.19000000,138.88000000,70.28504000
2018-02-02 02:57:00,139.24000000,139.52000000,138.89000000,139.52000000,158.41735000
2018-02-02 02:58:00,139.52000000,139.90000000,139.52000000,139.90000000,48.75629000
2018-02-02 02:59:00,139.90000000,141.21000000,139.49000000,140.78000000,50.39365000
2018-02-02 03:00:00,140.78000000,140.78000000,140.36000000,140.50000000,151.71528000
2018-02-02 03:01:00,140.50000000,140.50000000,139.29000000,139.29000000,145.76107000
2018-02-02 03:02:00,139.29000000,140.60000000,139.16000000,139.32000000,100.85060000
2018-02-02 03:03:00,139.32000000,139.66000000,139.21000000,139.66000000,5.45366000
2018-02-02 03:04:00,139.66000000,140.01000000,139.66000000,140.01000000,23.50320000
2018-02-02 03:05:00,140.52000000,140.60000000,139.73000000,139.73000000,45.49342000
2018-02-02 03:06:00,139.72000000,140.07000000,139.45000000,140.07000000,23.18653000
2018-02-02 03:07:00,139.94000000,139.94000000,139.93000000,139.93000000,3.60000000
2018-02-02 03:08:00,139.94000000,139.94000000,139.23000000,139.23000000,11.12447000
2018-02-02 03:09:00,139.16000000,139.16000000,138.19000000,138.21000000,105.30989000
2018-02-02 03:10:00,138.22000000,138.22000000,138.00000000,138.00000000,68.30487000
2018-02-02 03:11:00,138.00000000,138.92000000,137.93000000,138.81000000,85.02836000
2018-02-02 03:12:00,138.81000000,138.92000000,138.16000000,138.52000000,45.77292000
2018-02-02 03:13:00,138.67000000,138.67000000,138.02000000,138.05000000,31.88693000
2018-02-02 03:14:00,138.04000000,138.64000000,137.72000000,138.64000000,38.49697000
2018-02-02 03:15:00,138.64000000,138.64000000,137.40000000,138.48000000,68.54354000
2018-02-02 03:16:00,138.00000000,138.78000000,138.00000000,138.78000000,4.35346000
2018-02-02 03:17:00,138.63000000,139.50000000,138.63000000,139.50000000,96.86535000
2018-02-02 03:18:00,139.50000000,140.00000000,139.25000000,139.25000000,60.51454000
2018-02-02 03:19:00,139.25000000,139.97000000,139.25000000,139.97000000,24.58285000
2018-02-02 03:20:00,139.96000000,140.34000000,139.96000000,140.00000000,76.04440000
2018-02-02 03:21:00,140.00000000,140.00000000,138.59000000,138.62000000,104.00417000
2018-02-02 03:22:00,139.47000000,139.53000000,138.69000000,139.46000000,32.20633000
2018-02-02 03:23:00,139.38000000,139.53000000,139.37000000,139.53000000,24.57578000
2018-02-02 03:24:00,139.57000000,140.01000000,139.11000000,139.57000000,25.65462000
2018-02-02 03:25:00,139.57000000,140.52000000,139.57000000,139.60000000,67.74604000
2018-02-02 03:26:00,139.60000000,139.60000000,138.82000000,139.59000000,37.11785000
2018-02-02 03:27:00,139.75000000,139.75000000,139.07000000,139.32000000,4.46861000
2018-02-02 03:28:00,139.74000000,139.78000000,139.12000000,139.78000000,31.36570000
2018-02-02 03:29:00,139.47000000,139.47000000,139.47000000,139.47000000,0.00171000
2018-02-02 03:30:00,139.56000000,140.00000000,139.56000000,140.00000000,6.36782000
2018-02-02 03:31:00,140.29000000,140.50000000,139.95000000,140.50000000,35.24032000
2018-02-02 03:32:00,140.50000000,140.54000000,140.14000000,140.36000000,42.52846000
2018-02-02 03:33:00,140.25000000,140.63000000,140.25000000,140.63000000,60.09549000
2018-02-02 03:34:00,140.77000000,140.78000000,140.66000000,140.78000000,12.23888000
2018-02-02 03:35:00,140.77000000,141.08000000,140.63000000,141.08000000,49.04088000
2018-02-02 03:36:00,140.72000000,141.17000000,140.72000000,140.88000000,117.13613000
2018-02-02 03:37:00,140.74000000,140.89000000,140.74000000,140.88000000,10.04367000
2018-02-02 03:38:00,141.19000000,141.24000000,140.85000000,140.85000000,3.50675000
2018-02-02 03:39:00,141.26000000,141.26000000,140.63000000,140.63000000,50.74779000
2018-02-02 03:40:00,140.63000000,140.63000000,140.00000000,140.01000000,55.61767000
2018-02-02 03:41:00,140.02000000,140.02000000,140.02000000,140.02000000,14.87835000
2018-02-02 03:42:00,140.03000000,140.63000000,140.03000000,140.63000000,11.21284000
2018-02-02 03:43:00,140.40000000,140.40000000,140.40000000,140.40000000,1.38788000
2018-02-02 03:44:00,140.40000000,140.40000000,140.01000000,140.01000000,78.49116000
2018-02-02 03:45:00,140.01000000,140.01000000,139.48000000,139.48000000,7.25985000
2018-02-02 03:46:00,139.48000000,139.49000000,138.69000000,138.69000000,9.79039000
2018-02-02 03:47:00,138.69000000,138.69000000,138.08000000,138.45000000,2.14932000
2018-02-02 03:48:00,138.10000000,138.69000000,138.09000000,138.69000000,35.32372000
2018-02-02 03:49:00,138.76000000,139.10000000,138.69000000,138.69000000,6.43800000
2018-02-02 03:50:00,138.69000000,138.93000000,138.41000000,138.47000000,28.00197000
2018-02-02 03:51:00,138.56000000,139.71000000,138.41000000,138.43000000,20.72070000
2018-02-02 03:52:00,139.18000000,139.18000000,138.59000000,138.72000000,9.77219000
2018-02-02 03:53:00,138.83000000,138.83000000,138.83000000,138.83000000,0.71478000
2018-02-02 03:54:00,138.31000000,138.83000000,138.08000000,138.08000000,14.74614000
2018-02-02 03:55:00,138.00000000,138.49000000,137.71000000,138.00000000,45.92615000
2018-02-02 03:56:00,137.71000000,137.99000000,137.65000000,137.67000000,37.97057000
2018-02-02 03:57:00,137.66000000,138.01000000,137.46000000,138.00000000,102.82421000
2018-02-02 03:58:00,137.66000000,138.00000000,137.05000000,137.38000000,32.75393000
2018-02-02 03:59:00,137.38000000,137.83000000,137.14000000,137.73000000,20.54461000
2018-02-02 04:00:00,137.19000000,137.66000000,137.03000000,137.15000000,36.37231000
2018-02-02 04:01:00,137.15000000,137.48000000,136.74000000,137.19000000,140.33923000
2018-02-02 04:02:00,137.38000000,137.81000000,137.00000000,137.45000000,15.77041000
2018-02-02 04:03:00,137.81000000,138.14000000,137.45000000,138.14000000,75.52497000
2018-02-02 04:04:00,138.14000000,138.19000000,137.46000000,137.46000000,277.73695000
2018-02-02 04:05:00,137.68000000,138.02000000,137.48000000,137.49000000,16.85497000
2018-02-02 04:06:00,137.89000000,138.02000000,137.40000000,137.40000000,43.31280000
2018-02-02 04:07:00,137.40000000,137.40000000,136.54000000,136.54000000,77.17911000
2018-02-02 04:08:00,136.55000000,137.02000000,136.39000000,136.40000000,25.16150000
2018-02-02 04:09:00,136.42000000,136.80000000,136.38000000,136.79000000,25.15847000
2018-02-02 04:10:00,136.41000000,136.80000000,136.18000000,136.40000000,21.56253000
2018-02-02 04:11:00,136.40000000,136.40000000,136.40000000,136.40000000,4.31166000
2018-02-02 04:12:00,136.17000000,136.40000000,136.00000000,136.01000000,43.82756000
2018-02-02 04:13:00,136.00000000,136.26000000,133.50000000,135.76000000,399.46158000
2018-02-02 04:14:00,135.03000000,135.74000000,134.77000000,135.68000000,43.41645000
2018-02-02 04:15:00,135.22000000,135.78000000,135.14000000,135.74000000,17.32081000
2018-02-02 04:16:00,136.11000000,136.28000000,136.11000000,136.28000000,12.97796000
2018-02-02 04:17:00,136.55000000,136.95000000,136.18000000,136.18000000,24.10085000
2018-02-02 04:18:00,136.73000000,138.14000000,136.26000000,136.97000000,66.85450000
2018-02-02 04:19:00,136.67000000,137.19000000,136.67000000,137.06000000,26.00029000
2018-02-02 04:20:00,137.07000000,137.11000000,136.69000000,136.69000000,12.42401000
2018-02-02 04:21:00,136.61000000,136.87000000,136.24000000,136.41000000,44.00185000
2018-02-02 04:22:00,136.41000000,136.66000000,136.26000000,136.40000000,23.75093000
2018-02-02 04:23:00,136.61000000,136.61000000,136.42000000,136.61000000,20.31899000
2018-02-02 04:24:00,136.42000000,136.42000000,136.08000000,136.08000000,26.49605000
2018-02-02 04:25:00,136.08000000,136.61000000,136.08000000,136.61000000,6.89731000
2018-02-02 04:26:00,136.66000000,136.66000000,136.66000000,136.66000000,0.00246000
2018-02-02 04:27:00,136.18000000,136.18000000,135.76000000,135.76000000,6.76706000
2018-02-02 04:28:00,135.81000000,135.81000000,135.32000000,135.36000000,24.01681000
2018-02-02 04:29:00,135.32000000,135.34000000,134.32000000,134.85000000,25.57785000
2018-02-02 04:30:00,134.82000000,134.82000000,134.17000000,134.68000000,59.16162000
2018-02-02 04:31:00,134.68000000,135.37000000,134.39000000,135.37000000,116.18516000
2018-02-02 04:32:00,135.09000000,135.30000000,134.55000000,134.55000000,14.11214000
2018-02-02 04:33:00,134.55000000,134.64000000,134.38000000,134.38000000,9.77532000
2018-02-02 04:34:00,134.38000000,134.68000000,133.92000000,134.35000000,15.31111000
2018-02-02 04:35:00,134.35000000,134.89000000,134.28000000,134.85000000,52.50453000
2018-02-02 04:36:00,134.85000000,134.85000000,134.51000000,134.85000000,17.80426000
2018-02-02 04:37:00,134.78000000,134.85000000,134.51000000,134.69000000,40.31029000
2018-02-02 04:38:00,134.69000000,134.70000000,134.51000000,134.51000000,7.76212000
2018-02-02 04:39:00,134.50000000,134.64000000,134.50000000,134.52000000,7.05938000
2018-02-02 04:40:00,134.52000000,134.64000000,133.79000000,134.61000000,17.44569000
2018-02-02 04:41:00,134.27000000,134.59000000,134.18000000,134.20000000,24.35535000
2018-02-02 04:42:00,134.54000000,134.93000000,133.93000000,134.93000000,47.94148000
2018-02-02 04:43:00,134.67000000,134.74000000,134.35000000,134.67000000,27.68493000
2018-02-02 04:44:00,134.23000000,134.58000000,134.21000000,134.58000000,26.02651000
2018-02-02 04:45:00,134.65000000,134.73000000,134.57000000,134.63000000,12.57697000
2018-02-02 04:46:00,134.63000000,134.63000000,134.43000000,134.63000000,9.60599000
2018-02-02 04:47:00,134.44000000,134.87000000,134.01000000,134.87000000,37.90699000
2018-02-02 04:48:00,134.35000000,134.50000000,133.91000000,134.32000000,31.14488000
2018-02-02 04:49:00,134.32000000,134.35000000,133.79000000,134.19000000,19.64584000
2018-02-02 04:50:00,134.14000000,134.15000000,134.13000000,134.13000000,15.16484000
2018-02-02 04:51:00,133.82000000,134.13000000,133.82000000,133.82000000,4.23343000
2018-02-02 04:52:00,133.82000000,133.98000000,133.29000000,133.98000000,29.37700000
2018-02-02 04:53:00,134.14000000,134.14000000,133.99000000,133.99000000,4.79557000
2018-02-02 04:54:00,133.99000000,134.10000000,133.25000000,133.84000000,27.61035000
2018-02-02 04:55:00,133.77000000,133.77000000,133.76000000,133.76000000,4.73673000
2018-02-02 04:56:00,133.76000000,133.84000000,133.25000000,133.75000000,46.53764000
2018-02-02 04:57:00,133.75000000,133.98000000,133.33000000,133.96000000,31.18565000
2018-02-02 04:58:00,133.94000000,134.73000000,133.94000000,134.40000000,58.94451000
2018-02-02 04:59:00,134.39000000,134.82000000,134.39000000,134.63000000,23.87874000
2018-02-02 05:00:00,134.82000000,134.99000000,134.52000000,134.79000000,16.30699000
2018-02-02 05:01:00,134.80000000,135.13000000,134.59000000,134.81000000,27.83616000
2018-02-02 05:02:00,134.81000000,135.00000000,134.56000000,134.56000000,49.72874000
2018-02-02 05:03:00,133.99000000,134.11000000,133.87000000,134.00000000,17.31700000
2018-02-02 05:04:00,134.10000000,134.12000000,133.26000000,133.89000000,39.86651000
2018-02-02 05:05:00,133.89000000,133.89000000,133.89000000,133.89000000,0.10369000
2018-02-02 05:06:00,133.78000000,133.78000000,133.37000000,133.38000000,18.81610000
2018-02-02 05:07:00,133.38000000,133.39000000,133.38000000,133.39000000,3.97284000
2018-02-02 05:08:00,133.50000000,133.66000000,133.39000000,133.66000000,9.55589000
2018-02-02 05:09:00,133.55000000,133.56000000,133.25000000,133.25000000,18.44514000
2018-02-02 05:10:00,133.23000000,133.23000000,133.02000000,133.02000000,14.02692000
2018-02-02 05:11:00,133.16000000,134.10000000,133.00000000,134.08000000,95.23884000
2018-02-02 05:12:00,134.26000000,135.04000000,133.86000000,134.39000000,74.03937000
2018-02-02 05:13:00,134.41000000,135.00000000,134.33000000,135.00000000,35.09556000
2018-02-02 05:14:00,134.96000000,135.20000000,134.96000000,135.20000000,8.57421000
2018-02-02 05:15:00,134.83000000,135.13000000,134.68000000,135.13000000,12.59333000
2018-02-02 05:16:00,134.79000000,134.87000000,134.52000000,134.87000000,20.95515000
2018-02-02 05:17:00,134.81000000,134.81000000,134.52000000,134.53000000,31.81752000
2018-02-02 05:18:00,134.77000000,134.79000000,134.77000000,134.77000000,7.43175000
2018-02-02 05:19:00,134.77000000,134.77000000,134.35000000,134.35000000,0.62703000
2018-02-02 05:20:00,134.35000000,134.39000000,133.96000000,134.03000000,40.78190000
2018-02-02 05:21:00,134.03000000,134.14000000,133.82000000,134.14000000,4.46305000
2018-02-02 05:22:00,134.08000000,134.20000000,133.67000000,134.12000000,34.23826000
2018-02-02 05:23:00,134.14000000,134.50000000,133.77000000,133.77000000,36.76951000
2018-02-02 05:24:00,134.00000000,134.15000000,133.89000000,133.89000000,19.62235000
2018-02-02 05:25:00,133.89000000,134.05000000,133.80000000,134.05000000,12.66774000
2018-02-02 05:26:00,134.07000000,134.23000000,134.07000000,134.23000000,8.18091000
2018-02-02 05:27:00,134.17000000,134.17000000,134.14000000,134.14000000,0.94999000
2018-02-02 05:28:00,134.15000000,134.50000000,133.96000000,133.96000000,32.56532000
2018-02-02 05:29:00,133.90000000,133.90000000,133.90000000,133.90000000,0.00441000
2018-02-02 05:30:00,134.32000000,134.37000000,133.25000000,133.60000000,56.40186000
2018-02-02 05:31:00,133.26000000,133.59000000,133.26000000,133.49000000,21.34999000
2018-02-02 05:32:00,133.57000000,133.72000000,133.57000000,133.72000000,5.60469000
2018-02-02 05:33:00,133.50000000,133.50000000,133.50000000,133.50000000,8.20144000
2018-02-02 05:34:00,133.39000000,133.39000000,133.38000000,133.38000000,10.18063000
2018-02-02 05:35:00,133.25000000,133.51000000,133.25000000,133.51000000,1.87154000
2018-02-02 05:36:00,133.26000000,133.26000000,132.21000000,132.21000000,332.96711000
2018-02-02 05:37:00,133.11000000,133.59000000,132.49000000,133.38000000,49.42280000
2018-02-02 05:38:00,133.39000000,133.80000000,133.33000000,133.33000000,11.43620000
2018-02-02 05:39:00,133.33000000,133.84000000,133.33000000,133.36000000,4.18505000
2018-02-02 05:40:00,133.70000000,133.70000000,133.03000000,133.06000000,3.27796000
2018-02-02 05:41:00,133.04000000,133.04000000,133.04000000,133.04000000,1.68700000
2018-02-02 05:42:00,132.78000000,132.78000000,132.77000000,132.77000000,2.75599000
2018-02-02 05:43:00,132.64000000,133.03000000,132.40000000,132.40000000,44.71350000
2018-02-02 05:44:00,132.40000000,132.40000000,132.12000000,132.12000000,89.32373000
2018-02-02 05:45:00,132.12000000,132.38000000,132.07000000,132.07000000,25.65798000
2018-02-02 05:46:00,132.30000000,132.30000000,132.08000000,132.08000000,0.84365000
2018-02-02 05:47:00,132.17000000,132.18000000,131.61000000,132.17000000,19.43135000
2018-02-02 05:48:00,132.14000000,132.30000000,131.68000000,132.30000000,31.20355000
2018-02-02 05:49:00,132.30000000,133.84000000,132.17000000,132.47000000,90.66577000
2018-02-02 05:50:00,132.25000000,132.54000000,131.71000000,131.96000000,26.79052000
2018-02-02 05:51:00,131.96000000,132.41000000,131.87000000,131.87000000,36.57702000
2018-02-02 05:52:00,131.87000000,132.24000000,131.79000000,131.79000000,29.77754000
2018-02-02 05:53:00,132.21000000,132.38000000,132.01000000,132.38000000,7.72468000
2018-02-02 05:54:00,132.38000000,132.41000000,132.38000000,132.39000000,6.86934000
2018-02-02 05:55:00,132.41000000,132.62000000,132.40000000,132.40000000,26.14601000
2018-02-02 05:56:00,132.40000000,132.40000000,131.71000000,132.24000000,26.78033000
2018-02-02 05:57:00,131.91000000,132.00000000,131.74000000,131.74000000,14.15852000
2018-02-02 05:58:00,132.07000000,132.07000000,131.74000000,132.03000000,1.28999000
2018-02-02 05:59:00,131.74000000,132.14000000,131.74000000,132.14000000,37.00414000
2018-02-02 06:00:00,132.06000000,132.40000000,131.90000000,132.40000000,40.72893000
2018-02-02 06:01:00,132.40000000,132.50000000,132.20000000,132.20000000,18.37674000
2018-02-02 06:02:00,132.08000000,132.50000000,131.83000000,132.42000000,61.75052000
2018-02-02 06:03:00,131.77000000,132.23000000,131.76000000,132.05000000,206.04301000
2018-02-02 06:04:00,132.05000000,132.38000000,132.05000000,132.05000000,262.43688000
2018-02-02 06:05:00,132.05000000,132.29000000,131.70000000,131.70000000,38.90846000
2018-02-02 06:06:00,131.70000000,132.00000000,131.68000000,131.68000000,27.53946000
2018-02-02 06:07:00,131.52000000,131.62000000,131.10000000,131.62000000,13.48524000
2018-02-02 06:08:00,131.13000000,131.61000000,131.12000000,131.13000000,125.91005000
2018-02-02 06:09:00,131.09000000,131.46000000,131.01000000,131.30000000,40.20599000
2018-02-02 06:10:00,131.01000000,131.10000000,130.60000000,131.00000000,91.20208000
2018-02-02 06:11:00,131.00000000,131.39000000,131.00000000,131.30000000,66.87004000
2018-02-02 06:12:00,131.30000000,131.30000000,130.77000000,130.77000000,16.05481000
2018-02-02 06:13:00,130.77000000,131.23000000,130.37000000,130.37000000,37.50738000
2018-02-02 06:14:00,130.37000000,130.60000000,130.00000000,130.00000000,185.68760000
2018-02-02 06:15:00,130.00000000,130.21000000,125.80000000,129.30000000,347.29731000
2018-02-02 06:16:00,129.32000000,129.96000000,129.29000000,129.96000000,12.62812000
2018-02-02 06:17:00,129.40000000,129.92000000,129.18000000,129.80000000,80.73509000
2018-02-02 06:18:00,129.51000000,130.34000000,129.51000000,130.34000000,57.81786000
2018-02-02 06:19:00,129.58000000,129.65000000,128.99000000,129.12000000,15.03644000
2018-02-02 06:20:00,129.10000000,129.10000000,128.29000000,128.29000000,34.56738000
2018-02-02 06:21:00,128.50000000,129.29000000,128.45000000,128.50000000,9.50866000
2018-02-02 06:22:00,128.50000000,128.52000000,128.40000000,128.40000000,11.28935000
2018-02-02 06:23:00,128.40000000,129.06000000,127.91000000,128.31000000,10.27392000
2018-02-02 06:24:00,128.33000000,128.69000000,127.99000000,128.48000000,62.25676000
2018-02-02 06:25:00,128.11000000,128.48000000,128.10000000,128.44000000,60.43699000
2018-02-02 06:26:00,128.11000000,128.11000000,127.70000000,127.70000000,14.75429000
2018-02-02 06:27:00,127.70000000,127.73000000,125.23000000,126.92000000,253.81975000
2018-02-02 06:28:00,126.92000000,127.63000000,126.14000000,126.95000000,69.07476000
2018-02-02 06:29:00,126.93000000,126.93000000,125.74000000,125.96000000,39.29638000
2018-02-02 06:30:00,125.96000000,126.00000000,125.75000000,125.75000000,61.47848000
2018-02-02 06:31:00,125.73000000,126.50000000,125.26000000,125.26000000,120.94996000
2018-02-02 06:32:00,125.99000000,126.00000000,125.74000000,126.00000000,27.01548000
2018-02-02 06:33:00,126.00000000,126.00000000,125.74000000,125.74000000,3.29752000
2018-02-02 06:34:00,125.99000000,125.99000000,124.55000000,124.55000000,147.16107000
2018-02-02 06:35:00,125.66000000,125.98000000,125.56000000,125.98000000,134.95494000
2018-02-02 06:36:00,125.65000000,126.00000000,125.65000000,126.00000000,13.99885000
2018-02-02 06:37:00,125.73000000,126.60000000,125.58000000,126.14000000,80.65308000
2018-02-02 06:38:00,126.02000000,126.38000000,125.68000000,125.68000000,19.54350000
2018-02-02 06:39:00,125.68000000,125.68000000,124.74000000,124.74000000,68.34863000
2018-02-02 06:40:00,124.50000000,124.50000000,124.00000000,124.02000000,40.54341000
2018-02-02 06:41:00,124.02000000,124.47000000,124.00000000,124.43000000,120.27835000
2018-02-02 06:42:00,124.51000000,124.51000000,124.00000000,124.09000000,80.31830000
2018-02-02 06:43:00,124.10000000,124.82000000,124.06000000,124.82000000,119.54764000
2018-02-02 06:44:00,124.82000000,126.22000000,124.74000000,126.22000000,127.94896000
2018-02-02 06:45:00,126.22000000,126.80000000,126.00000000,126.50000000,175.84121000
2018-02-02 06:46:00,126.07000000,127.63000000,126.00000000,127.22000000,211.57217000
2018-02-02 06:47:00,127.20000000,127.50000000,126.67000000,127.03000000,55.47827000
2018-02-02 06:48:00,127.04000000,127.40000000,126.49000000,127.00000000,96.84996000
2018-02-02 06:49:00,126.56000000,126.99000000,126.27000000,126.99000000,30.85963000
2018-02-02 06:50:00,126.73000000,126.76000000,126.33000000,126.70000000,54.63886000
2018-02-02 06:51:00,126.65000000,126.74000000,126.23000000,126.74000000,19.12146000
2018-02-02 06:52:00,126.50000000,126.50000000,126.00000000,126.50000000,68.23592000
2018-02-02 06:53:00,126.44000000,126.60000000,126.04000000,126.29000000,81.29755000
2018-02-02 06:54:00,126.48000000,126.48000000,126.06000000,126.06000000,17.02735000
2018-02-02 06:55:00,126.04000000,127.15000000,126.02000000,127.15000000,158.45206000
2018-02-02 06:56:00,127.15000000,128.04000000,127.03000000,127.90000000,134.84150000
2018-02-02 06:57:00,127.99000000,129.42000000,127.99000000,128.24000000,121.11082000
2018-02-02 06:58:00,128.24000000,128.27000000,128.24000000,128.25000000,152.87007000
2018-02-02 06:59:00,128.30000000,129.31000000,128.25000000,128.78000000,37.54161000
2018-02-02 07:00:00,128.79000000,129.46000000,128.79000000,129.30000000,32.12665000
2018-02-02 07:01:00,129.30000000,131.24000000,129.26000000,130.33000000,88.14269000
2018-02-02 07:02:00,130.44000000,131.75000000,130.04000000,131.16000000,186.26153000
2018-02-02 07:03:00,131.16000000,131.75000000,130.00000000,130.50000000,243.38592000
2018-02-02 07:04:00,130.50000000,131.09000000,130.01000000,130.20000000,56.94873000
2018-02-02 07:05:00,130.20000000,130.24000000,130.20000000,130.21000000,52.04172000
2018-02-02 07:06:00,130.20000000,130.37000000,130.20000000,130.24000000,50.85268000
2018-02-02 07:07:00,130.27000000,130.58000000,130.26000000,130.51000000,10.18013000
2018-02-02 07:08:00,130.43000000,130.43000000,130.24000000,130.24000000,127.75958000
2018-02-02 07:09:00,130.25000000,130.96000000,130.24000000,130.96000000,76.39139000
2018-02-02 07:10:00,130.65000000,131.40000000,130.51000000,131.00000000,97.43056000
2018-02-02 07:11:00,131.05000000,131.86000000,131.00000000,131.78000000,66.36733000
2018-02-02 07:12:00,131.40000000,132.55000000,131.40000000,131.81000000,121.62004000
2018-02-02 07:13:00,132.32000000,133.00000000,131.84000000,132.12000000,70.45431000
2018-02-02 07:14:00,132.90000000,133.00000000,132.33000000,132.37000000,37.03067000
2018-02-02 07:15:00,132.45000000,132.75000000,131.93000000,132.70000000,221.06950000
2018-02-02 07:16:00,131.93000000,131.93000000,131.00000000,131.00000000,73.21559000
2018-02-02 07:17:00,130.99000000,131.28000000,130.30000000,131.06000000,50.06448000
2018-02-02 07:18:00,130.44000000,131.06000000,130.44000000,131.06000000,4.52820000
2018-02-02 07:19:00,130.51000000,131.05000000,130.39000000,130.39000000,16.26570000
2018-02-02 07:20:00,130.31000000,130.68000000,130.31000000,130.41000000,37.69819000
2018-02-02 07:21:00,130.73000000,131.00000000,130.50000000,131.00000000,8.77377000
2018-02-02 07:22:00,130.58000000,130.98000000,130.58000000,130.97000000,7.04569000
2018-02-02 07:23:00,130.59000000,130.90000000,130.58000000,130.58000000,57.50374000
2018-02-02 07:24:00,130.60000000,130.60000000,130.35000000,130.47000000,43.23444000
2018-02-02 07:25:00,130.57000000,130.57000000,130.24000000,130.24000000,21.89791000
2018-02-02 07:26:00,130.24000000,130.24000000,130.24000000,130.24000000,66.63382000
2018-02-02 07:27:00,130.24000000,130.51000000,130.20000000,130.20000000,254.99238000
2018-02-02 07:28:00,130.20000000,130.48000000,130.19000000,130.19000000,914.32186000
2018-02-02 07:29:00,130.00000000,130.00000000,128.90000000,129.55000000,62.77366000
2018-02-02 07:30:00,129.23000000,129.50000000,128.90000000,128.90000000,12.30500000
2018-02-02 07:31:00,128.91000000,128.91000000,128.50000000,128.89000000,29.30899000
2018-02-02 07:32:00,128.89000000,129.12000000,128.79000000,128.79000000,104.02169000
2018-02-02 07:33:00,128.79000000,128.79000000,128.77000000,128.77000000,3.81803000
2018-02-02 07:34:00,128.50000000,128.78000000,128.50000000,128.78000000,48.24505000
2018-02-02 07:35:00,128.78000000,128.78000000,128.51000000,128.51000000,13.33598000
2018-02-02 07:36:00,128.50000000,128.50000000,127.85000000,127.85000000,24.99198000
2018-02-02 07:37:00,127.85000000,127.85000000,127.30000000,127.50000000,8.91005000
2018-02-02 07:38:00,127.44000000,128.20000000,127.01000000,128.20000000,94.67275000
2018-02-02 07:39:00,127.98000000,127.98000000,127.50000000,127.95000000,18.16106000
2018-02-02 07:40:00,127.95000000,128.03000000,127.36000000,127.95000000,71.87545000
2018-02-02 07:41:00,127.94000000,127.94000000,127.84000000,127.84000000,3.98530000
2018-02-02 07:42:00,127.94000000,127.94000000,127.84000000,127.84000000,13.16963000
2018-02-02 07:43:00,127.84000000,128.78000000,127.84000000,128.67000000,155.70309000
2018-02-02 07:44:00,128.76000000,129.11000000,128.67000000,129.11000000,91.05424000
2018-02-02 07:45:00,128.80000000,130.07000000,128.80000000,129.24000000,179.33316000
2018-02-02 07:46:00,129.27000000,129.99000000,129.05000000,129.83000000,111.80729000
2018-02-02 07:47:00,129.92000000,129.93000000,129.10000000,129.24000000,251.55651000
2018-02-02 07:48:00,129.27000000,129.77000000,129.13000000,129.60000000,45.67295000
2018-02-02 07:49:00,129.63000000,129.91000000,127.76000000,127.99000000,62.04922000
2018-02-02 07:50:00,128.44000000,128.58000000,128.04000000,128.58000000,1.69799000
2018-02-02 07:51:00,128.44000000,128.75000000,128.33000000,128.48000000,18.92565000
2018-02-02 07:52:00,128.44000000,128.60000000,128.43000000,128.53000000,26.49161000
2018-02-02 07:53:00,128.77000000,128.78000000,128.13000000,128.40000000,42.16271000
2018-02-02 07:54:00,128.73000000,128.89000000,127.00000000,128.31000000,138.96262000
2018-02-02 07:55:00,128.35000000,128.36000000,128.16000000,128.36000000,24.15199000
2018-02-02 07:56:00,128.04000000,128.07000000,127.58000000,127.59000000,17.37157000
2018-02-02 07:57:00,127.24000000,127.81000000,127.00000000,127.81000000,96.50781000
2018-02-02 07:58:00,127.81000000,128.02000000,127.81000000,128.02000000,59.77330000
2018-02-02 07:59:00,128.02000000,128.34000000,127.90000000,127.90000000,14.99028000
2018-02-02 08:00:00,127.81000000,127.81000000,127.30000000,127.68000000,18.35651000
2018-02-02 08:01:00,127.35000000,127.35000000,127.06000000,127.06000000,42.05958000
2018-02-02 08:02:00,127.00000000,127.06000000,127.00000000,127.00000000,210.80126000
2018-02-02 08:03:00,127.00000000,127.01000000,127.00000000,127.00000000,444.30033000
2018-02-02 08:04:00,127.00000000,127.57000000,127.00000000,127.01000000,427.27872000
2018-02-02 08:05:00,127.07000000,127.08000000,127.01000000,127.03000000,11.57707000
2018-02-02 08:06:00,127.03000000,127.03000000,127.03000000,127.03000000,28.46498000
2018-02-02 08:07:00,127.03000000,127.03000000,127.00000000,127.00000000,210.14741000
2018-02-02 08:08:00,127.00000000,127.02000000,127.00000000,127.00000000,247.58331000
2018-02-02 08:09:00,127.00000000,127.10000000,127.00000000,127.00000000,140.79212000
2018-02-02 08:10:00,127.09000000,127.37000000,127.09000000,127.37000000,24.04845000
2018-02-02 08:11:00,127.10000000,127.39000000,127.10000000,127.35000000,40.89371000
2018-02-02 08:12:00,127.35000000,127.54000000,127.35000000,127.36000000,191.11642000
2018-02-02 08:13:00,127.36000000,127.51000000,127.36000000,127.37000000,54.85247000
2018-02-02 08:14:00,127.38000000,127.90000000,127.38000000,127.90000000,10.19863000
2018-02-02 08:15:00,128.00000000,128.34000000,128.00000000,128.02000000,17.30864000
2018-02-02 08:16:00,128.01000000,128.09000000,127.38000000,127.39000000,51.35349000
2018-02-02 08:17:00,127.39000000,127.40000000,127.00000000,127.00000000,142.25816000
2018-02-02 08:18:00,127.00000000,127.65000000,127.00000000,127.52000000,62.37314000
2018-02-02 08:19:00,127.52000000,127.53000000,127.00000000,127.00000000,204.22576000
2018-02-02 08:20:00,127.00000000,127.20000000,127.00000000,127.00000000,603.49003000
2018-02-02 08:21:00,127.00000000,127.53000000,127.00000000,127.00000000,925.11050000
2018-02-02 08:22:00,127.00000000,127.20000000,127.00000000,127.00000000,236.87422000
2018-02-02 08:23:00,127.00000000,127.19000000,127.00000000,127.00000000,256.57664000
2018-02-02 08:24:00,127.00000000,127.01000000,127.00000000,127.00000000,275.90554000
2018-02-02 08:25:00,127.00000000,127.01000000,127.00000000,127.00000000,712.75394000
2018-02-02 08:26:00,127.00000000,127.00000000,127.00000000,127.00000000,1434.02476000
2018-02-02 08:27:00,127.00000000,127.01000000,127.00000000,127.00000000,839.93537000
2018-02-02 08:28:00,127.00000000,128.06000000,126.00000000,126.06000000,579.79572000
2018-02-02 08:29:00,126.05000000,126.05000000,125.52000000,125.52000000,86.25617000
2018-02-02 08:30:00,125.82000000,125.82000000,125.15000000,125.60000000,71.43140000
2018-02-02 08:31:00,125.23000000,125.59000000,125.17000000,125.55000000,17.32872000
2018-02-02 08:32:00,125.55000000,125.70000000,125.00000000,125.67000000,74.78929000
2018-02-02 08:33:00,125.67000000,125.67000000,124.26000000,124.82000000,90.11772000
2018-02-02 08:34:00,124.32000000,124.74000000,124.03000000,124.03000000,56.77744000
2018-02-02 08:35:00,124.04000000,124.38000000,124.04000000,124.35000000,19.38473000
2018-02-02 08:36:00,124.32000000,124.95000000,124.00000000,124.95000000,212.24156000
2018-02-02 08:37:00,124.49000000,125.37000000,124.49000000,125.34000000,49.50452000
2018-02-02 08:38:00,125.27000000,125.33000000,124.79000000,124.79000000,59.77768000
2018-02-02 08:39:00,124.82000000,124.87000000,124.78000000,124.79000000,62.96220000
2018-02-02 08:40:00,124.80000000,124.96000000,124.21000000,124.56000000,27.96498000
2018-02-02 08:41:00,124.53000000,124.53000000,124.00000000,124.00000000,111.11764000
2018-02-02 08:42:00,124.00000000,124.00000000,123.58000000,123.58000000,52.90575000
2018-02-02 08:43:00,123.46000000,124.00000000,123.00000000,124.00000000,144.93485000
2018-02-02 08:44:00,124.00000000,124.00000000,123.85000000,123.85000000,100.80878000
2018-02-02 08:45:00,123.85000000,124.15000000,123.62000000,124.01000000,44.70695000
2018-02-02 08:46:00,124.15000000,124.92000000,124.01000000,124.23000000,43.66206000
2018-02-02 08:47:00,124.23000000,125.00000000,124.14000000,124.54000000,35.84204000
2018-02-02 08:48:00,124.54000000,124.54000000,123.10000000,123.72000000,81.68848000
2018-02-02 08:49:00,123.74000000,123.75000000,123.32000000,123.68000000,14.64638000
2018-02-02 08:50:00,123.68000000,123.68000000,123.42000000,123.50000000,2.80921000
2018-02-02 08:51:00,123.46000000,123.46000000,122.00000000,123.11000000,274.67052000
2018-02-02 08:52:00,123.11000000,123.50000000,122.74000000,123.50000000,35.33067000
2018-02-02 08:53:00,123.50000000,123.73000000,123.00000000,123.50000000,73.48556000
2018-02-02 08:54:00,123.73000000,123.73000000,123.50000000,123.70000000,31.24127000
2018-02-02 08:55:00,123.70000000,124.00000000,123.50000000,124.00000000,20.99343000
2018-02-02 08:56:00,123.99000000,124.50000000,123.99000000,124.03000000,74.42450000
2018-02-02 08:57:00,124.03000000,124.34000000,124.00000000,124.00000000,144.74014000
2018-02-02 08:58:00,124.00000000,124.30000000,124.00000000,124.05000000,53.96694000
2018-02-02 08:59:00,124.03000000,124.35000000,124.02000000,124.02000000,30.20595000
2018-02-02 09:00:00,124.02000000,124.09000000,123.61000000,123.76000000,658.17551000
2018-02-02 09:01:00,123.61000000,123.75000000,123.00000000,123.61000000,71.00075000
2018-02-02 09:02:00,123.05000000,123.05000000,123.03000000,123.03000000,16.18899000
2018-02-02 09:03:00,123.04000000,123.04000000,122.35000000,122.97000000,155.37034000
2018-02-02 09:04:00,122.93000000,124.00000000,122.54000000,122.54000000,119.00863000
2018-02-02 09:05:00,122.86000000,122.86000000,122.50000000,122.72000000,11.41767000
2018-02-02 09:06:00,122.72000000,122.86000000,122.50000000,122.51000000,18.01282000
2018-02-02 09:07:00,122.51000000,122.51000000,122.07000000,122.07000000,67.53615000
2018-02-02 09:08:00,122.08000000,122.51000000,121.67000000,121.67000000,294.05839000
2018-02-02 09:09:00,121.96000000,122.59000000,121.55000000,122.11000000,167.08791000
2018-02-02 09:10:00,122.15000000,122.47000000,121.49000000,122.30000000,67.57552000
2018-02-02 09:11:00,121.83000000,122.23000000,121.52000000,121.84000000,39.89702000
2018-02-02 09:12:00,121.78000000,121.78000000,121.27000000,121.27000000,46.65090000
2018-02-02 09:13:00,121.27000000,121.27000000,120.11000000,120.11000000,118.51871000
2018-02-02 09:14:00,120.11000000,120.50000000,120.00000000,120.00000000,75.14417000
2018-02-02 09:15:00,120.00000000,120.16000000,120.00000000,120.12000000,81.17770000
2018-02-02 09:16:00,120.12000000,120.12000000,119.30000000,119.31000000,120.37050000
2018-02-02 09:17:00,119.36000000,119.76000000,119.31000000,119.72000000,84.34544000
2018-02-02 09:18:00,119.72000000,119.72000000,119.38000000,119.40000000,65.45914000
2018-02-02 09:19:00,119.40000000,119.73000000,119.40000000,119.73000000,74.85428000
2018-02-02 09:20:00,119.60000000,119.85000000,119.00000000,119.00000000,151.56662000
2018-02-02 09:21:00,119.00000000,119.35000000,118.50000000,118.63000000,55.17532000
2018-02-02 09:22:00,118.96000000,118.97000000,118.51000000,118.83000000,60.16424000
2018-02-02 09:23:00,118.51000000,118.95000000,118.50000000,118.50000000,159.12244000
2018-02-02 09:24:00,118.50000000,118.83000000,118.28000000,118.83000000,61.30002000
2018-02-02 09:25:00,118.84000000,121.00000000,118.57000000,121.00000000,293.35936000
2018-02-02 09:26:00,121.33000000,123.50000000,120.98000000,122.49000000,233.76288000
2018-02-02 09:27:00,122.51000000,123.85000000,122.50000000,123.45000000,190.13389000
2018-02-02 09:28:00,123.45000000,125.00000000,123.45000000,124.54000000,167.08153000
2018-02-02 09:29:00,124.89000000,124.89000000,122.98000000,123.15000000,261.24656000
2018-02-02 09:30:00,123.14000000,124.00000000,122.75000000,124.00000000,175.30035000
2018-02-02 09:31:00,123.74000000,124.75000000,123.65000000,124.07000000,140.46527000
2018-02-02 09:32:00,124.41000000,124.48000000,124.06000000,124.15000000,185.99099000
2018-02-02 09:33:00,124.15000000,124.94000000,124.06000000,124.19000000,250.30897000
2018-02-02 09:34:00,124.19000000,124.19000000,123.78000000,124.06000000,47.32575000
2018-02-02 09:35:00,124.06000000,124.06000000,123.48000000,123.48000000,7.82534000
2018-02-02 09:36:00,123.48000000,123.67000000,123.15000000,123.48000000,5.58500000
2018-02-02 09:37:00,123.29000000,123.30000000,122.14000000,123.03000000,47.37000000
2018-02-02 09:38:00,122.13000000,122.92000000,121.58000000,122.72000000,73.93166000
2018-02-02 09:39:00,122.72000000,122.82000000,122.72000000,122.82000000,35.92088000
2018-02-02 09:40:00,122.81000000,122.83000000,122.49000000,122.83000000,34.00686000
2018-02-02 09:41:00,123.13000000,123.35000000,123.00000000,123.11000000,42.94267000
2018-02-02 09:42:00,123.32000000,123.41000000,123.11000000,123.28000000,102.92954000
2018-02-02 09:43:00,123.24000000,123.25000000,122.55000000,123.13000000,21.08322000
2018-02-02 09:44:00,123.31000000,123.50000000,122.53000000,122.53000000,21.98171000
2018-02-02 09:45:00,123.42000000,123.50000000,123.32000000,123.50000000,50.02092000
2018-02-02 09:46:00,122.71000000,123.14000000,122.71000000,123.09000000,26.11161000
2018-02-02 09:47:00,123.09000000,123.78000000,123.08000000,123.78000000,94.96870000
2018-02-02 09:48:00,123.78000000,124.95000000,123.70000000,124.88000000,51.82132000
2018-02-02 09:49:00,124.94000000,125.00000000,124.07000000,124.15000000,85.99111000
2018-02-02 09:50:00,124.79000000,124.84000000,124.14000000,124.21000000,28.31503000
2018-02-02 09:51:00,124.29000000,124.30000000,124.00000000,124.00000000,74.33392000
2018-02-02 09:52:00,124.00000000,124.06000000,122.63000000,122.63000000,90.54045000
2018-02-02 09:53:00,123.11000000,123.75000000,122.76000000,123.45000000,10.10529000
2018-02-02 09:54:00,123.45000000,123.45000000,122.81000000,122.81000000,20.61484000
2018-02-02 09:55:00,122.86000000,123.44000000,122.81000000,122.89000000,95.98403000
2018-02-02 09:56:00,122.89000000,123.32000000,122.89000000,123.19000000,12.45043000
2018-02-02 09:57:00,122.92000000,122.93000000,122.86000000,122.92000000,5.94424000
2018-02-02 09:58:00,122.94000000,123.33000000,122.94000000,123.03000000,21.79218000
2018-02-02 09:59:00,123.03000000,123.45000000,122.55000000,122.90000000,82.26625000
2018-02-02 10:00:00,122.90000000,122.93000000,122.52000000,122.52000000,12.05847000
2018-02-02 10:01:00,122.51000000,122.51000000,122.00000000,122.22000000,23.64365000
2018-02-02 10:02:00,122.22000000,122.22000000,121.12000000,121.22000000,7.02826000
2018-02-02 10:03:00,121.22000000,121.82000000,121.00000000,121.54000000,18.30698000
2018-02-02 10:04:00,121.01000000,121.47000000,121.01000000,121.39000000,23.33096000
2018-02-02 10:05:00,121.39000000,121.39000000,121.39000000,121.39000000,2.72068000
2018-02-02 10:06:00,121.39000000,121.39000000,121.16000000,121.20000000,6.41989000
2018-02-02 10:07:00,121.25000000,121.38000000,121.00000000,121.00000000,74.22526000
2018-02-02 10:08:00,121.00000000,121.00000000,120.00000000,120.00000000,37.75862000
2018-02-02 10:09:00,120.00000000,120.00000000,120.00000000,120.00000000,42.38155000
2018-02-02 10:10:00,120.00000000,120.26000000,120.00000000,120.00000000,66.27691000
2018-02-02 10:11:00,120.00000000,120.50000000,120.00000000,120.50000000,44.95941000
2018-02-02 10:12:00,120.08000000,120.55000000,120.03000000,120.55000000,18.19079000
2018-02-02 10:13:00,120.53000000,120.53000000,120.04000000,120.16000000,43.49986000
2018-02-02 10:14:00,120.04000000,120.48000000,120.01000000,120.04000000,28.41422000
2018-02-02 10:15:00,120.06000000,120.09000000,120.06000000,120.07000000,21.94890000
2018-02-02 10:16:00,120.07000000,120.08000000,120.00000000,120.00000000,279.28607000
2018-02-02 10:17:00,120.08000000,120.24000000,119.14000000,119.14000000,98.85624000
2018-02-02 10:18:00,119.96000000,119.97000000,118.51000000,119.01000000,68.30760000
2018-02-02 10:19:00,118.78000000,119.46000000,118.50000000,118.52000000,22.66115000
2018-02-02 10:20:00,118.62000000,120.05000000,118.62000000,120.04000000,65.13115000
2018-02-02 10:21:00,120.04000000,120.04000000,119.48000000,119.48000000,72.52524000
2018-02-02 10:22:00,119.98000000,120.14000000,119.54000000,120.01000000,33.78132000
2018-02-02 10:23:00,120.10000000,120.14000000,118.81000000,118.81000000,206.38955000
2018-02-02 10:24:00,119.99000000,120.00000000,118.51000000,118.51000000,69.83891000
2018-02-02 10:25:00,118.54000000,118.75000000,118.51000000,118.75000000,33.26495000
2018-02-02 10:26:00,119.16000000,119.94000000,119.01000000,119.91000000,11.27951000
2018-02-02 10:27:00,119.90000000,120.00000000,119.05000000,119.05000000,9.18968000
2018-02-02 10:28:00,119.00000000,119.00000000,118.51000000,118.51000000,28.84857000
2018-02-02 10:29:00,118.52000000,119.83000000,118.52000000,119.83000000,14.86498000
2018-02-02 10:30:00,118.74000000,119.50000000,118.50000000,118.50000000,23.01436000
2018-02-02 10:31:00,118.52000000,118.52000000,118.51000000,118.51000000,3.17590000
2018-02-02 10:32:00,119.39000000,119.39000000,118.51000000,119.39000000,13.60130000
2018-02-02 10:33:00,118.52000000,119.39000000,118.52000000,119.00000000,15.01939000
2018-02-02 10:34:00,119.39000000,119.39000000,119.00000000,119.00000000,18.19643000
2018-02-02 10:35:00,119.01000000,119.39000000,119.01000000,119.39000000,6.76701000
2018-02-02 10:36:00,119.09000000,119.39000000,119.09000000,119.39000000,9.22395000
2018-02-02 10:37:00,119.39000000,119.40000000,119.06000000,119.39000000,39.14999000
2018-02-02 10:38:00,119.40000000,120.02000000,119.40000000,120.02000000,121.35936000
2018-02-02 10:39:00,120.02000000,120.56000000,120.02000000,120.53000000,27.89881000
2018-02-02 10:40:00,120.53000000,120.89000000,120.50000000,120.87000000,25.79556000
2018-02-02 10:41:00,120.52000000,120.52000000,120.21000000,120.21000000,7.98822000
2018-02-02 10:42:00,120.21000000,120.21000000,119.97000000,119.97000000,11.46833000
2018-02-02 10:43:00,119.97000000,119.97000000,119.91000000,119.91000000,14.71111000
2018-02-02 10:44:00,119.91000000,120.20000000,119.39000000,119.39000000,15.51284000
2018-02-02 10:45:00,119.39000000,119.43000000,119.39000000,119.39000000,10.47842000
2018-02-02 10:46:00,119.84000000,119.84000000,119.47000000,119.84000000,5.94516000
2018-02-02 10:47:00,119.84000000,120.00000000,119.84000000,120.00000000,10.65536000
2018-02-02 10:48:00,119.92000000,120.00000000,119.92000000,120.00000000,141.33063000
2018-02-02 10:49:00,120.00000000,120.04000000,119.97000000,120.02000000,200.87764000
2018-02-02 10:50:00,120.09000000,121.47000000,120.09000000,121.47000000,37.21327000
2018-02-02 10:51:00,121.47000000,122.43000000,121.47000000,122.43000000,44.38582000
2018-02-02 10:52:00,122.05000000,122.44000000,121.24000000,122.09000000,30.03866000
2018-02-02 10:53:00,122.43000000,122.50000000,122.09000000,122.50000000,63.79159000
2018-02-02 10:54:00,122.50000000,122.78000000,122.15000000,122.78000000,30.38177000
2018-02-02 10:55:00,122.77000000,123.32000000,122.16000000,122.34000000,139.31075000
2018-02-02 10:56:00,122.34000000,122.78000000,122.29000000,122.33000000,53.91756000
2018-02-02 10:57:00,122.33000000,122.34000000,121.16000000,121.16000000,102.40121000
2018-02-02 10:58:00,121.99000000,122.13000000,120.06000000,121.27000000,113.44546000
2018-02-02 10:59:00,121.27000000,121.27000000,120.65000000,121.20000000,27.30556000
2018-02-02 11:00:00,121.20000000,121.20000000,120.48000000,120.52000000,65.76179000
2018-02-02 11:01:00,121.13000000,121.49000000,120.60000000,121.28000000,78.09046000
2018-02-02 11:02:00,121.28000000,121.49000000,120.35000000,121.26000000,55.67810000
2018-02-02 11:03:00,121.26000000,121.26000000,120.60000000,120.88000000,29.59799000
2018-02-02 11:04:00,121.26000000,121.26000000,120.71000000,120.76000000,17.78724000
2018-02-02 11:05:00,120.87000000,121.83000000,120.13000000,120.13000000,289.34615000
2018-02-02 11:06:00,120.13000000,120.13000000,119.44000000,119.96000000,94.85421000
2018-02-02 11:07:00,119.95000000,120.33000000,119.52000000,119.53000000,244.59079000
2018-02-02 11:08:00,119.56000000,120.00000000,119.56000000,119.70000000,5.50046000
2018-02-02 11:09:00,119.70000000,120.32000000,119.69000000,119.97000000,75.32204000
2018-02-02 11:10:00,119.97000000,120.55000000,119.97000000,120.01000000,52.98448000
2018-02-02 11:11:00,120.08000000,120.08000000,119.75000000,119.75000000,14.62280000
2018-02-02 11:12:00,119.74000000,119.77000000,119.70000000,119.77000000,19.93500000
2018-02-02 11:13:00,120.00000000,120.07000000,119.74000000,120.02000000,31.58547000
2018-02-02 11:14:00,120.02000000,120.02000000,119.81000000,119.81000000,8.06399000
2018-02-02 11:15:00,119.81000000,119.82000000,119.81000000,119.82000000,7.53318000
2018-02-02 11:16:00,120.00000000,120.00000000,119.81000000,119.81000000,96.44924000
2018-02-02 11:17:00,119.81000000,119.99000000,119.54000000,119.97000000,51.35430000
2018-02-02 11:18:00,119.97000000,119.99000000,119.28000000,119.93000000,89.47624000
2018-02-02 11:19:00,119.93000000,119.99000000,119.74000000,119.74000000,175.03692000
2018-02-02 11:20:00,119.74000000,119.99000000,119.74000000,119.99000000,42.62098000
2018-02-02 11:21:00,119.74000000,119.74000000,119.74000000,119.74000000,53.55982000
2018-02-02 11:22:00,119.74000000,119.74000000,119.74000000,119.74000000,5.55855000
2018-02-02 11:23:00,119.96000000,119.96000000,119.74000000,119.74000000,8.80913000
2018-02-02 11:24:00,119.74000000,119.96000000,119.37000000,119.44000000,20.42410000
2018-02-02 11:25:00,119.45000000,119.45000000,119.21000000,119.21000000,23.49153000
2018-02-02 11:26:00,119.19000000,119.21000000,119.19000000,119.21000000,14.52933000
2018-02-02 11:27:00,119.19000000,119.49000000,119.19000000,119.19000000,10.13400000
2018-02-02 11:28:00,119.19000000,119.19000000,119.15000000,119.15000000,4.53452000
2018-02-02 11:29:00,119.15000000,119.15000000,119.04000000,119.04000000,22.49287000
2018-02-02 11:30:00,119.04000000,119.15000000,119.00000000,119.05000000,98.82799000
2018-02-02 11:31:00,119.15000000,119.15000000,119.00000000,119.04000000,87.18206000
2018-02-02 11:32:00,119.04000000,119.50000000,118.75000000,118.87000000,62.09289000
2018-02-02 11:33:00,119.20000000,119.69000000,118.85000000,119.69000000,11.82390000
2018-02-02 11:34:00,119.69000000,119.78000000,118.86000000,118.86000000,14.13359000
2018-02-02 11:35:00,118.86000000,118.86000000,118.85000000,118.85000000,9.44455000
2018-02-02 11:36:00,119.25000000,119.96000000,118.67000000,118.71000000,110.29330000
2018-02-02 11:37:00,118.71000000,118.77000000,118.55000000,118.55000000,85.01399000
2018-02-02 11:38:00,118.55000000,118.85000000,118.00000000,118.00000000,102.70975000
2018-02-02 11:39:00,118.00000000,118.55000000,118.00000000,118.55000000,4.23706000
2018-02-02 11:40:00,118.15000000,118.44000000,118.00000000,118.01000000,18.95145000
2018-02-02 11:41:00,118.10000000,118.55000000,117.79000000,117.83000000,82.62847000
2018-02-02 11:42:00,117.83000000,117.84000000,117.70000000,117.70000000,37.60854000
2018-02-02 11:43:00,117.70000000,117.81000000,117.40000000,117.81000000,30.03349000
2018-02-02 11:44:00,117.80000000,117.80000000,117.40000000,117.40000000,10.72356000
2018-02-02 11:45:00,117.40000000,117.64000000,117.17000000,117.20000000,64.23452000
2018-02-02 11:46:00,117.13000000,117.13000000,117.01000000,117.01000000,13.89474000
2018-02-02 11:47:00,117.01000000,117.01000000,116.60000000,116.61000000,73.13725000
2018-02-02 11:48:00,116.62000000,116.99000000,116.62000000,116.79000000,80.31836000
2018-02-02 11:49:00,116.61000000,116.80000000,116.60000000,116.60000000,42.21043000
2018-02-02 11:50:00,116.60000000,116.60000000,116.32000000,116.50000000,76.80254000
2018-02-02 11:51:00,116.32000000,116.88000000,115.94000000,116.87000000,641.98140000
2018-02-02 11:52:00,116.87000000,118.51000000,116.87000000,118.12000000,107.13378000
2018-02-02 11:53:00,118.14000000,118.51000000,117.85000000,118.36000000,127.80082000
2018-02-02 11:54:00,117.98000000,118.08000000,117.71000000,117.98000000,26.40588000
2018-02-02 11:55:00,117.98000000,117.98000000,117.20000000,117.41000000,155.75261000
2018-02-02 11:56:00,117.42000000,117.45000000,117.27000000,117.27000000,62.60697000
2018-02-02 11:57:00,117.27000000,118.00000000,116.99000000,117.00000000,54.95858000
2018-02-02 11:58:00,117.52000000,117.66000000,116.88000000,117.53000000,78.31300000
2018-02-02 11:59:00,116.95000000,116.95000000,116.00000000,116.65000000,108.13396000
2018-02-02 12:00:00,116.81000000,116.81000000,116.55000000,116.78000000,5.19514000
2018-02-02 12:01:00,116.78000000,116.92000000,116.78000000,116.82000000,20.70632000
2018-02-02 12:02:00,116.80000000,117.31000000,116.59000000,116.59000000,52.48640000
2018-02-02 12:03:00,117.11000000,117.49000000,116.86000000,116.88000000,46.90289000
2018-02-02 12:04:00,116.86000000,116.86000000,116.80000000,116.80000000,45.97102000
2018-02-02 12:05:00,116.38000000,116.64000000,116.00000000,116.05000000,64.51681000
2018-02-02 12:06:00,115.96000000,116.19000000,115.78000000,115.84000000,66.14809000
2018-02-02 12:07:00,115.66000000,115.66000000,115.00000000,115.00000000,138.24188000
2018-02-02 12:08:00,115.00000000,115.20000000,114.17000000,115.20000000,201.20804000
2018-02-02 12:09:00,115.20000000,115.44000000,115.00000000,115.37000000,83.28761000
2018-02-02 12:10:00,115.01000000,115.44000000,115.01000000,115.02000000,35.44728000
2018-02-02 12:11:00,115.02000000,115.21000000,115.00000000,115.21000000,43.93408000
2018-02-02 12:12:00,115.19000000,115.19000000,114.67000000,114.67000000,7.68405000
2018-02-02 12:13:00,114.67000000,114.91000000,114.67000000,114.79000000,9.34816000
2018-02-02 12:14:00,114.49000000,114.85000000,114.49000000,114.70000000,58.37681000
2018-02-02 12:15:00,114.70000000,114.71000000,114.19000000,114.64000000,128.35577000
2018-02-02 12:16:00,114.35000000,114.59000000,114.21000000,114.21000000,166.74687000
2018-02-02 12:17:00,114.59000000,114.82000000,114.01000000,114.19000000,183.11405000
2018-02-02 12:18:00,114.19000000,114.19000000,114.02000000,114.02000000,223.84084000
2018-02-02 12:19:00,114.02000000,114.06000000,113.40000000,113.40000000,119.51396000
2018-02-02 12:20:00,113.40000000,113.47000000,113.00000000,113.05000000,56.98333000
2018-02-02 12:21:00,113.00000000,113.39000000,113.00000000,113.39000000,112.90347000
2018-02-02 12:22:00,113.37000000,114.00000000,113.01000000,113.75000000,165.27548000
2018-02-02 12:23:00,113.75000000,113.75000000,113.06000000,113.45000000,102.49781000
2018-02-02 12:24:00,113.10000000,113.74000000,113.00000000,113.00000000,89.35442000
2018-02-02 12:25:00,113.00000000,113.00000000,112.20000000,112.29000000,78.79965000
2018-02-02 12:26:00,112.20000000,112.20000000,111.68000000,111.99000000,300.92816000
2018-02-02 12:27:00,111.68000000,111.90000000,111.68000000,111.68000000,21.68201000
2018-02-02 12:28:00,111.68000000,111.68000000,111.50000000,111.68000000,68.71653000
2018-02-02 12:29:00,111.68000000,111.68000000,111.18000000,111.28000000,104.37342000
2018-02-02 12:30:00,111.28000000,111.28000000,110.67000000,110.79000000,170.63734000
2018-02-02 12:31:00,111.01000000,111.01000000,110.00000000,110.92000000,350.87240000
2018-02-02 12:32:00,110.92000000,111.46000000,110.45000000,111.40000000,250.30473000
2018-02-02 12:33:00,111.40000000,111.40000000,111.00000000,111.37000000,102.02812000
2018-02-02 12:34:00,111.33000000,111.97000000,111.30000000,111.90000000,284.70561000
2018-02-02 12:35:00,111.90000000,112.04000000,111.67000000,111.67000000,620.11823000
2018-02-02 12:36:00,111.67000000,112.04000000,111.54000000,111.54000000,642.09700000
2018-02-02 12:37:00,111.28000000,112.00000000,110.50000000,110.64000000,91.93207000
2018-02-02 12:38:00,110.64000000,110.96000000,110.05000000,110.05000000,96.57226000
2018-02-02 12:39:00,110.05000000,110.77000000,110.05000000,110.77000000,73.69884000
2018-02-02 12:40:00,110.24000000,112.00000000,110.11000000,110.11000000,143.93593000
2018-02-02 12:41:00,110.49000000,110.81000000,109.20000000,110.63000000,214.71883000
2018-02-02 12:42:00,110.63000000,110.80000000,110.17000000,110.19000000,99.35645000
2018-02-02 12:43:00,110.43000000,110.62000000,110.07000000,110.25000000,50.89246000
2018-02-02 12:44:00,110.25000000,110.28000000,109.60000000,109.99000000,69.10556000
2018-02-02 12:45:00,109.94000000,109.94000000,109.28000000,109.52000000,123.52775000
2018-02-02 12:46:00,109.52000000,109.52000000,109.04000000,109.34000000,244.75425000
2018-02-02 12:47:00,109.11000000,109.34000000,108.52000000,108.70000000,149.76237000
2018-02-02 12:48:00,108.70000000,108.95000000,108.58000000,108.73000000,65.51520000
2018-02-02 12:49:00,108.73000000,110.22000000,108.71000000,108.71000000,440.51541000
2018-02-02 12:50:00,108.72000000,119.67000000,108.71000000,110.57000000,388.94922000
2018-02-02 12:51:00,110.57000000,119.67000000,110.25000000,113.24000000,562.14612000
2018-02-02 12:52:00,112.77000000,114.07000000,112.37000000,113.33000000,191.10645000
2018-02-02 12:53:00,113.34000000,118.99000000,113.34000000,116.94000000,321.85661000
2018-02-02 12:54:00,116.95000000,119.99000000,116.84000000,119.63000000,449.30535000
2018-02-02 12:55:00,118.67000000,119.67000000,115.60000000,118.64000000,483.62105000
2018-02-02 12:56:00,117.60000000,119.61000000,115.57000000,115.72000000,188.96819000
2018-02-02 12:57:00,117.60000000,118.50000000,115.90000000,118.50000000,323.12461000
2018-02-02 12:58:00,118.45000000,119.99000000,118.19000000,119.97000000,143.33184000
2018-02-02 12:59:00,119.99000000,122.13000000,119.96000000,122.00000000,335.87200000
2018-02-02 13:00:00,122.00000000,124.80000000,121.03000000,122.68000000,661.40422000
2018-02-02 13:01:00,123.36000000,129.99000000,123.31000000,124.99000000,749.02376000
2018-02-02 13:02:00,125.50000000,129.99000000,125.00000000,127.00000000,582.76056000
2018-02-02 13:03:00,125.87000000,130.00000000,125.86000000,126.20000000,461.44726000
2018-02-02 13:04:00,126.20000000,126.57000000,123.41000000,123.46000000,265.05564000
2018-02-02 13:05:00,125.10000000,126.01000000,122.13000000,124.72000000,369.95784000
2018-02-02 13:06:00,123.54000000,135.20000000,123.54000000,126.51000000,505.87281000
2018-02-02 13:07:00,127.10000000,134.96000000,126.56000000,127.75000000,273.19780000
2018-02-02 13:08:00,127.76000000,131.97000000,127.76000000,128.58000000,369.28103000
2018-02-02 13:09:00,128.59000000,131.55000000,128.57000000,129.83000000,288.49230000
2018-02-02 13:10:00,129.83000000,131.28000000,129.33000000,131.00000000,413.95519000
2018-02-02 13:11:00,130.02000000,132.99000000,130.00000000,130.93000000,586.32218000
2018-02-02 13:12:00,130.01000000,130.92000000,128.57000000,128.58000000,320.35991000
2018-02-02 13:13:00,129.00000000,130.98000000,124.67000000,124.67000000,548.22103000
2018-02-02 13:14:00,126.02000000,126.75000000,124.81000000,125.46000000,325.14346000
2018-02-02 13:15:00,125.54000000,125.55000000,123.60000000,125.20000000,180.00398000
2018-02-02 13:16:00,125.11000000,125.11000000,123.33000000,123.61000000,708.91006000
2018-02-02 13:17:00,123.61000000,124.93000000,123.07000000,124.17000000,196.65446000
2018-02-02 13:18:00,124.15000000,124.15000000,123.08000000,123.84000000,78.66847000
2018-02-02 13:19:00,123.43000000,123.83000000,123.40000000,123.40000000,160.07814000
2018-02-02 13:20:00,123.66000000,124.95000000,123.65000000,124.65000000,95.56921000
2018-02-02 13:21:00,124.63000000,129.85000000,124.62000000,126.01000000,223.80678000
2018-02-02 13:22:00,126.02000000,127.29000000,126.00000000,126.69000000,131.42657000
2018-02-02 13:23:00,126.12000000,126.14000000,124.20000000,124.20000000,217.65093000
2018-02-02 13:24:00,124.21000000,126.12000000,124.21000000,126.12000000,137.54500000
2018-02-02 13:25:00,126.12000000,127.33000000,126.00000000,127.33000000,47.08970000
2018-02-02 13:26:00,127.00000000,129.85000000,124.58000000,127.87000000,152.12302000
2018-02-02 13:27:00,127.87000000,129.38000000,127.66000000,129.01000000,108.88796000
2018-02-02 13:28:00,129.02000000,129.50000000,129.02000000,129.41000000,78.37570000
2018-02-02 13:29:00,129.50000000,130.53000000,129.42000000,130.53000000,26.95429000
2018-02-02 13:30:00,130.53000000,132.00000000,130.50000000,131.06000000,183.60688000
2018-02-02 13:31:00,131.44000000,133.90000000,130.50000000,130.52000000,322.74479000
2018-02-02 13:32:00,130.52000000,130.91000000,129.01000000,129.33000000,112.39596000
2018-02-02 13:33:00,129.90000000,129.93000000,128.37000000,128.37000000,173.02736000
2018-02-02 13:34:00,128.50000000,128.95000000,127.88000000,128.00000000,201.30088000
2018-02-02 13:35:00,128.00000000,128.67000000,126.76000000,127.43000000,64.06140000
2018-02-02 13:36:00,127.42000000,128.16000000,126.49000000,127.84000000,106.52561000
2018-02-02 13:37:00,127.99000000,128.37000000,126.54000000,126.54000000,36.46912000
2018-02-02 13:38:00,126.73000000,127.50000000,126.73000000,127.50000000,6.71000000
2018-02-02 13:39:00,126.88000000,127.50000000,126.74000000,127.50000000,242.46241000
2018-02-02 13:40:00,127.50000000,128.93000000,127.50000000,128.16000000,23.25811000
2018-02-02 13:41:00,128.76000000,129.88000000,128.75000000,129.54000000,64.57695000
2018-02-02 13:42:00,129.50000000,129.86000000,128.18000000,128.27000000,191.39993000
2018-02-02 13:43:00,128.27000000,128.74000000,127.79000000,128.18000000,168.92553000
2018-02-02 13:44:00,128.23000000,129.00000000,127.81000000,128.50000000,204.51657000
2018-02-02 13:45:00,128.55000000,128.97000000,127.50000000,127.50000000,258.11286000
2018-02-02 13:46:00,128.08000000,128.95000000,127.50000000,128.95000000,370.89843000
2018-02-02 13:47:00,128.95000000,128.95000000,128.27000000,128.32000000,39.14234000
2018-02-02 13:48:00,128.31000000,129.31000000,128.02000000,129.31000000,58.85461000
2018-02-02 13:49:00,129.31000000,129.74000000,129.00000000,129.00000000,81.67057000
2018-02-02 13:50:00,129.43000000,129.75000000,129.00000000,129.52000000,44.03047000
2018-02-02 13:51:00,129.50000000,129.76000000,128.99000000,129.31000000,374.80500000
2018-02-02 13:52:00,129.59000000,131.53000000,127.35000000,131.53000000,324.29737000
2018-02-02 13:53:00,130.52000000,131.61000000,130.52000000,131.61000000,8.76520000
2018-02-02 13:54:00,131.60000000,132.00000000,129.72000000,131.60000000,202.57723000
2018-02-02 13:55:00,131.60000000,132.34000000,130.68000000,132.06000000,223.65119000
2018-02-02 13:56:00,132.06000000,134.14000000,132.06000000,133.45000000,123.19445000
2018-02-02 13:57:00,133.46000000,135.00000000,133.39000000,134.99000000,162.58335000
2018-02-02 13:58:00,134.53000000,135.97000000,134.53000000,135.33000000,38.24960000
2018-02-02 13:59:00,135.34000000,136.84000000,133.73000000,136.84000000,456.27258000
2018-02-02 14:00:00,136.00000000,138.12000000,136.00000000,137.12000000,318.16738000
2018-02-02 14:01:00,137.15000000,146.00000000,136.01000000,136.50000000,500.49464000
2018-02-02 14:02:00,136.50000000,136.50000000,135.01000000,135.65000000,234.08260000
2018-02-02 14:03:00,134.73000000,135.58000000,134.72000000,135.01000000,180.08465000
2018-02-02 14:04:00,135.04000000,135.65000000,134.72000000,135.05000000,125.04607000
2018-02-02 14:05:00,135.07000000,145.00000000,127.35000000,135.47000000,604.08048000
2018-02-02 14:06:00,136.96000000,136.96000000,136.00000000,136.96000000,33.60087000
2018-02-02 14:07:00,136.97000000,138.00000000,136.97000000,138.00000000,18.51378000
2018-02-02 14:08:00,138.04000000,142.98000000,137.96000000,138.03000000,277.55499000
2018-02-02 14:09:00,138.03000000,139.95000000,138.03000000,139.68000000,50.48302000
2018-02-02 14:10:00,138.76000000,140.00000000,137.03000000,137.07000000,305.38149000
2018-02-02 14:11:00,137.91000000,138.75000000,136.75000000,137.90000000,58.44032000
2018-02-02 14:12:00,138.00000000,139.00000000,137.86000000,138.93000000,207.79881000
2018-02-02 14:13:00,138.92000000,139.85000000,137.22000000,139.15000000,427.42314000
2018-02-02 14:14:00,137.26000000,138.60000000,136.76000000,137.20000000,176.55658000
2018-02-02 14:15:00,137.20000000,137.77000000,135.11000000,135.28000000,338.41699000
2018-02-02 14:16:00,135.28000000,135.28000000,132.52000000,134.10000000,178.39621000
2018-02-02 14:17:00,134.10000000,134.99000000,133.37000000,134.98000000,488.95663000
2018-02-02 14:18:00,134.98000000,134.99000000,133.23000000,134.98000000,27.56555000
2018-02-02 14:19:00,133.47000000,134.92000000,133.11000000,133.11000000,124.97011000
2018-02-02 14:20:00,133.34000000,134.90000000,133.11000000,134.59000000,164.60096000
2018-02-02 14:21:00,133.56000000,134.36000000,131.96000000,133.50000000,107.97510000
2018-02-02 14:22:00,133.50000000,133.50000000,131.01000000,131.01000000,64.63322000
2018-02-02 14:23:00,132.99000000,132.99000000,128.76000000,128.76000000,184.50621000
2018-02-02 14:24:00,131.09000000,131.09000000,128.74000000,130.20000000,286.47504000
2018-02-02 14:25:00,130.02000000,130.30000000,128.09000000,128.09000000,419.74291000
2018-02-02 14:26:00,129.97000000,129.97000000,128.27000000,129.87000000,230.00232000
2018-02-02 14:27:00,129.06000000,129.87000000,127.02000000,128.10000000,226.56399000
2018-02-02 14:28:00,128.10000000,128.10000000,127.06000000,128.00000000,196.40409000
2018-02-02 14:29:00,128.00000000,129.07000000,128.00000000,129.07000000,154.53988000
2018-02-02 14:30:00,129.07000000,130.22000000,128.35000000,130.22000000,174.32075000
2018-02-02 14:31:00,130.54000000,131.82000000,130.54000000,131.23000000,142.34305000
2018-02-02 14:32:00,131.23000000,147.00000000,129.34000000,129.50000000,763.60206000
2018-02-02 14:33:00,129.49000000,139.93000000,129.34000000,129.34000000,324.79004000
2018-02-02 14:34:00,129.57000000,129.99000000,129.00000000,129.99000000,99.11596000
2018-02-02 14:35:00,129.60000000,133.51000000,128.50000000,133.51000000,153.13244000
2018-02-02 14:36:00,128.42000000,129.90000000,128.42000000,129.00000000,55.90190000
2018-02-02 14:37:00,129.57000000,132.78000000,128.34000000,128.67000000,112.40596000
2018-02-02 14:38:00,128.74000000,128.78000000,128.30000000,128.30000000,170.67003000
2018-02-02 14:39:00,128.30000000,128.32000000,127.84000000,128.21000000,45.59819000
2018-02-02 14:40:00,128.20000000,128.32000000,126.66000000,127.56000000,139.63066000
2018-02-02 14:41:00,127.55000000,127.56000000,125.00000000,125.05000000,280.37655000
2018-02-02 14:42:00,125.09000000,126.50000000,125.09000000,126.08000000,63.61404000
2018-02-02 14:43:00,126.08000000,127.49000000,124.60000000,126.36000000,171.26054000
2018-02-02 14:44:00,126.44000000,128.36000000,126.41000000,127.13000000,115.71529000
2018-02-02 14:45:00,128.17000000,128.71000000,127.44000000,128.68000000,126.10464000
2018-02-02 14:46:00,128.71000000,129.95000000,127.93000000,127.93000000,102.05386000
2018-02-02 14:47:00,127.24000000,128.50000000,127.24000000,128.50000000,47.22908000
2018-02-02 14:48:00,128.54000000,128.62000000,127.16000000,128.00000000,72.30050000
2018-02-02 14:49:00,128.00000000,129.86000000,128.00000000,128.42000000,45.12973000
2018-02-02 14:50:00,128.52000000,131.00000000,128.52000000,131.00000000,112.47801000
2018-02-02 14:51:00,130.99000000,133.37000000,130.99000000,131.50000000,118.93079000
2018-02-02 14:52:00,131.50000000,133.14000000,131.00000000,131.03000000,137.07298000
2018-02-02 14:53:00,131.03000000,132.53000000,129.21000000,132.46000000,113.27794000
2018-02-02 14:54:00,132.42000000,132.43000000,129.80000000,130.46000000,88.72890000
2018-02-02 14:55:00,130.46000000,130.98000000,129.54000000,130.60000000,40.82937000
2018-02-02 14:56:00,130.45000000,132.94000000,129.81000000,132.93000000,192.44538000
2018-02-02 14:57:00,131.61000000,132.88000000,128.90000000,129.99000000,118.26477000
2018-02-02 14:58:00,129.96000000,132.49000000,129.96000000,131.06000000,95.89302000
2018-02-02 14:59:00,131.15000000,131.15000000,130.55000000,130.55000000,36.30997000
2018-02-02 15:00:00,130.55000000,131.85000000,130.00000000,130.04000000,82.87133000
2018-02-02 15:01:00,130.05000000,131.99000000,130.05000000,130.98000000,51.63303000
2018-02-02 15:02:00,130.98000000,130.98000000,129.60000000,130.62000000,122.95686000
2018-02-02 15:03:00,130.62000000,130.88000000,129.59000000,129.59000000,48.51268000
2018-02-02 15:04:00,129.96000000,130.42000000,129.59000000,129.77000000,93.46689000
2018-02-02 15:05:00,129.59000000,129.68000000,129.05000000,129.06000000,22.18023000
2018-02-02 15:06:00,129.67000000,130.24000000,128.65000000,129.73000000,76.29579000
2018-02-02 15:07:00,129.72000000,129.73000000,129.19000000,129.50000000,133.69036000
2018-02-02 15:08:00,129.50000000,129.90000000,129.24000000,129.24000000,23.77532000
2018-02-02 15:09:00,129.60000000,129.60000000,129.19000000,129.26000000,109.35379000
2018-02-02 15:10:00,129.26000000,129.50000000,128.72000000,129.09000000,65.25108000
2018-02-02 15:11:00,129.00000000,129.00000000,128.65000000,128.66000000,156.63722000
2018-02-02 15:12:00,128.87000000,130.20000000,128.72000000,129.96000000,236.45547000
2018-02-02 15:13:00,129.96000000,130.40000000,129.46000000,129.70000000,96.37155000
2018-02-02 15:14:00,130.03000000,130.96000000,129.48000000,129.49000000,177.93317000
2018-02-02 15:15:00,129.49000000,130.65000000,129.49000000,130.07000000,18.99776000
2018-02-02 15:16:00,130.25000000,130.65000000,130.03000000,130.64000000,23.84461000
2018-02-02 15:17:00,130.62000000,130.79000000,130.11000000,130.79000000,92.35696000
2018-02-02 15:18:00,130.64000000,130.89000000,130.64000000,130.89000000,39.63601000
2018-02-02 15:19:00,130.95000000,131.00000000,130.31000000,130.40000000,89.03585000
2018-02-02 15:20:00,130.40000000,130.40000000,130.01000000,130.02000000,64.74911000
2018-02-02 15:21:00,130.40000000,130.96000000,130.40000000,130.57000000,10.57840000
2018-02-02 15:22:00,130.90000000,130.93000000,130.41000000,130.72000000,33.06022000
2018-02-02 15:23:00,130.72000000,130.92000000,130.68000000,130.92000000,6.01999000
2018-02-02 15:24:00,130.81000000,131.00000000,130.81000000,131.00000000,125.05275000
2018-02-02 15:25:00,131.00000000,131.79000000,131.00000000,131.06000000,157.46845000
2018-02-02 15:26:00,131.06000000,132.23000000,131.06000000,132.08000000,46.38491000
2018-02-02 15:27:00,132.08000000,133.00000000,132.08000000,132.33000000,123.33692000
2018-02-02 15:28:00,132.86000000,133.88000000,132.49000000,133.09000000,105.24732000
2018-02-02 15:29:00,133.09000000,134.08000000,133.09000000,133.25000000,144.39791000
2018-02-02 15:30:00,133.26000000,134.01000000,133.08000000,133.08000000,224.32193000
2018-02-02 15:31:00,133.11000000,133.28000000,132.80000000,133.05000000,57.53836000
2018-02-02 15:32:00,133.59000000,134.00000000,133.12000000,134.00000000,61.80137000
2018-02-02 15:33:00,134.00000000,134.98000000,133.71000000,134.98000000,100.58362000
2018-02-02 15:34:00,134.97000000,137.99000000,134.09000000,135.22000000,445.90640000
2018-02-02 15:35:00,135.22000000,135.31000000,134.53000000,134.54000000,117.23550000
2018-02-02 15:36:00,134.54000000,134.99000000,134.00000000,134.45000000,207.00494000
2018-02-02 15:37:00,134.45000000,135.29000000,134.04000000,134.26000000,89.89280000
2018-02-02 15:38:00,134.44000000,134.46000000,134.40000000,134.46000000,17.44346000
2018-02-02 15:39:00,134.47000000,134.72000000,134.21000000,134.21000000,34.56532000
2018-02-02 15:40:00,134.21000000,134.21000000,133.14000000,133.14000000,77.97129000
2018-02-02 15:41:00,133.54000000,134.13000000,133.03000000,133.75000000,64.65527000
2018-02-02 15:42:00,133.73000000,134.13000000,133.72000000,133.80000000,66.12104000
2018-02-02 15:43:00,134.05000000,134.99000000,134.05000000,134.80000000,60.59760000
2018-02-02 15:44:00,134.97000000,135.00000000,134.53000000,134.53000000,116.55337000
2018-02-02 15:45:00,134.53000000,134.55000000,134.12000000,134.55000000,51.64254000
2018-02-02 15:46:00,134.55000000,134.91000000,134.38000000,134.80000000,40.32201000
2018-02-02 15:47:00,134.92000000,135.61000000,134.83000000,135.54000000,40.41724000
2018-02-02 15:48:00,135.12000000,135.38000000,135.12000000,135.17000000,219.21671000
2018-02-02 15:49:00,135.21000000,135.59000000,135.00000000,135.00000000,109.06709000
2018-02-02 15:50:00,134.93000000,135.00000000,133.85000000,134.00000000,72.00155000
2018-02-02 15:51:00,133.99000000,133.99000000,133.60000000,133.69000000,52.57583000
2018-02-02 15:52:00,133.60000000,133.70000000,132.01000000,133.37000000,220.12841000
2018-02-02 15:53:00,133.37000000,134.65000000,133.37000000,134.05000000,212.29008000
2018-02-02 15:54:00,134.62000000,134.64000000,133.97000000,134.58000000,124.69507000
2018-02-02 15:55:00,134.60000000,134.95000000,133.15000000,133.16000000,244.76576000
2018-02-02 15:56:00,133.82000000,133.85000000,133.01000000,133.01000000,31.97000000
2018-02-02 15:57:00,133.92000000,134.92000000,133.57000000,133.88000000,73.96416000
2018-02-02 15:58:00,133.89000000,134.27000000,133.02000000,134.10000000,45.49016000
2018-02-02 15:59:00,134.06000000,134.99000000,134.06000000,134.93000000,40.04097000
2018-02-02 16:00:00,134.93000000,135.49000000,134.31000000,135.23000000,113.55428000
2018-02-02 16:01:00,135.26000000,136.16000000,135.26000000,135.41000000,170.00945000
2018-02-02 16:02:00,136.14000000,137.99000000,135.49000000,136.03000000,125.62432000
2018-02-02 16:03:00,136.60000000,137.00000000,135.20000000,135.30000000,231.17204000
2018-02-02 16:04:00,135.66000000,135.67000000,133.51000000,133.51000000,151.14388000
2018-02-02 16:05:00,134.25000000,134.98000000,133.65000000,134.89000000,269.75548000
2018-02-02 16:06:00,134.89000000,134.97000000,134.52000000,134.60000000,314.14734000
2018-02-02 16:07:00,134.60000000,134.94000000,134.60000000,134.60000000,256.83531000
2018-02-02 16:08:00,134.60000000,134.80000000,134.24000000,134.60000000,564.12123000
2018-02-02 16:09:00,134.60000000,134.93000000,134.60000000,134.60000000,266.38161000
2018-02-02 16:10:00,134.60000000,134.60000000,133.67000000,133.67000000,276.80736000
2018-02-02 16:11:00,133.67000000,133.67000000,132.00000000,132.90000000,159.17897000
2018-02-02 16:12:00,132.40000000,132.86000000,131.36000000,131.67000000,47.50723000
2018-02-02 16:13:00,131.83000000,132.37000000,131.21000000,131.21000000,110.85938000
2018-02-02 16:14:00,131.21000000,131.21000000,129.00000000,130.70000000,376.87855000
2018-02-02 16:15:00,130.70000000,131.71000000,129.31000000,131.67000000,82.64598000
2018-02-02 16:16:00,131.65000000,133.95000000,130.79000000,130.96000000,214.92185000
2018-02-02 16:17:00,131.92000000,132.97000000,130.96000000,131.17000000,141.86129000
2018-02-02 16:18:00,131.49000000,131.51000000,131.16000000,131.49000000,37.16236000
2018-02-02 16:19:00,131.49000000,132.49000000,131.16000000,132.13000000,99.40292000
2018-02-02 16:20:00,132.14000000,132.53000000,132.13000000,132.53000000,8.73920000
2018-02-02 16:21:00,132.16000000,132.16000000,131.51000000,131.67000000,134.66609000
2018-02-02 16:22:00,131.67000000,132.71000000,131.51000000,131.75000000,18.82472000
2018-02-02 16:23:00,132.00000000,132.00000000,131.53000000,131.55000000,5.02490000
2018-02-02 16:24:00,131.99000000,132.14000000,131.57000000,131.57000000,26.20747000
2018-02-02 16:25:00,131.93000000,131.93000000,131.51000000,131.51000000,8.13767000
2018-02-02 16:26:00,131.80000000,131.80000000,131.53000000,131.80000000,26.51998000
2018-02-02 16:27:00,131.80000000,132.18000000,131.80000000,132.01000000,6.98096000
2018-02-02 16:28:00,132.10000000,132.53000000,132.10000000,132.10000000,25.86416000
2018-02-02 16:29:00,132.12000000,132.12000000,131.19000000,131.96000000,67.44376000
2018-02-02 16:30:00,132.00000000,132.57000000,132.00000000,132.57000000,30.86093000
2018-02-02 16:31:00,132.82000000,133.51000000,132.82000000,132.98000000,81.02607000
2018-02-02 16:32:00,133.45000000,133.45000000,133.03000000,133.05000000,19.08493000
2018-02-02 16:33:00,133.43000000,133.43000000,133.05000000,133.19000000,82.83853000
2018-02-02 16:34:00,133.15000000,133.15000000,132.69000000,133.02000000,104.23950000
2018-02-02 16:35:00,133.08000000,133.47000000,125.00000000,133.42000000,511.15702000
2018-02-02 16:36:00,133.39000000,133.46000000,125.58000000,133.12000000,605.05216000
2018-02-02 16:37:00,133.12000000,133.25000000,132.92000000,132.92000000,44.48492000
2018-02-02 16:38:00,132.92000000,133.12000000,132.73000000,133.07000000,24.09815000
2018-02-02 16:39:00,133.07000000,133.10000000,132.71000000,132.71000000,28.50616000
2018-02-02 16:40:00,132.88000000,132.88000000,132.71000000,132.71000000,12.96212000
2018-02-02 16:41:00,132.86000000,133.06000000,132.73000000,133.06000000,68.99345000
2018-02-02 16:42:00,133.06000000,133.40000000,133.06000000,133.40000000,14.25062000
2018-02-02 16:43:00,133.40000000,133.49000000,133.40000000,133.49000000,13.28868000
2018-02-02 16:44:00,133.49000000,134.51000000,133.49000000,134.08000000,162.96569000
2018-02-02 16:45:00,134.08000000,134.59000000,134.08000000,134.08000000,105.59258000
2018-02-02 16:46:00,134.08000000,134.50000000,134.08000000,134.50000000,112.23914000
2018-02-02 16:47:00,134.50000000,134.87000000,134.46000000,134.87000000,111.44298000
2018-02-02 16:48:00,134.87000000,135.69000000,134.87000000,135.68000000,64.18501000
2018-02-02 16:49:00,135.69000000,135.76000000,134.52000000,135.26000000,106.62313000
2018-02-02 16:50:00,135.26000000,135.27000000,134.54000000,135.00000000,23.13900000
2018-02-02 16:51:00,135.26000000,135.71000000,135.26000000,135.71000000,13.35311000
2018-02-02 16:52:00,135.73000000,136.74000000,134.51000000,135.27000000,110.31920000
2018-02-02 16:53:00,135.25000000,136.49000000,135.25000000,135.60000000,100.94299000
2018-02-02 16:54:00,135.60000000,136.42000000,135.47000000,135.51000000,105.67800000
2018-02-02 16:55:00,135.51000000,135.51000000,135.47000000,135.49000000,56.24710000
2018-02-02 16:56:00,135.49000000,135.49000000,134.70000000,135.17000000,99.00110000
2018-02-02 16:57:00,134.70000000,135.13000000,134.50000000,134.93000000,33.64711000
2018-02-02 16:58:00,134.93000000,135.00000000,134.93000000,135.00000000,22.93661000
2018-02-02 16:59:00,135.00000000,135.07000000,134.69000000,135.06000000,48.16198000
2018-02-02 17:00:00,135.06000000,135.10000000,134.32000000,134.46000000,29.67822000
2018-02-02 17:01:00,134.32000000,134.65000000,133.25000000,134.27000000,266.20567000
2018-02-02 17:02:00,133.28000000,133.28000000,132.75000000,133.28000000,104.83848000
2018-02-02 17:03:00,133.34000000,133.95000000,133.00000000,133.10000000,11.90980000
2018-02-02 17:04:00,133.21000000,133.21000000,133.00000000,133.10000000,10.69890000
2018-02-02 17:05:00,132.96000000,132.99000000,131.56000000,132.50000000,110.07295000
2018-02-02 17:06:00,132.50000000,133.50000000,132.18000000,132.93000000,173.78533000
2018-02-02 17:07:00,133.00000000,133.42000000,132.12000000,132.63000000,117.03441000
2018-02-02 17:08:00,132.76000000,132.86000000,131.29000000,131.29000000,127.86682000
2018-02-02 17:09:00,132.39000000,133.04000000,131.72000000,132.36000000,52.61096000
2018-02-02 17:10:00,132.00000000,132.00000000,131.31000000,131.99000000,6.18400000
2018-02-02 17:11:00,131.98000000,132.22000000,131.03000000,131.05000000,140.40116000
2018-02-02 17:12:00,131.05000000,131.66000000,130.64000000,131.49000000,120.25164000
2018-02-02 17:13:00,131.47000000,131.50000000,130.87000000,131.30000000,1307.58939000
2018-02-02 17:14:00,131.30000000,131.50000000,131.27000000,131.40000000,156.79584000
2018-02-02 17:15:00,131.40000000,131.40000000,131.30000000,131.40000000,303.63308000
2018-02-02 17:16:00,131.40000000,132.28000000,131.03000000,131.71000000,132.09639000
2018-02-02 17:17:00,132.24000000,132.30000000,131.81000000,132.30000000,49.65657000
2018-02-02 17:18:00,132.30000000,132.81000000,132.30000000,132.40000000,61.90926000
2018-02-02 17:19:00,132.42000000,132.73000000,132.36000000,132.36000000,33.14611000
2018-02-02 17:20:00,132.30000000,132.30000000,131.60000000,131.68000000,45.54413000
2018-02-02 17:21:00,131.55000000,131.73000000,131.25000000,131.25000000,43.45684000
2018-02-02 17:22:00,131.25000000,131.33000000,130.87000000,131.33000000,156.14298000
2018-02-02 17:23:00,130.95000000,131.00000000,130.02000000,130.02000000,55.82560000
2018-02-02 17:24:00,130.04000000,130.83000000,130.01000000,130.83000000,34.97817000
2018-02-02 17:25:00,130.83000000,130.83000000,130.50000000,130.59000000,10.80177000
2018-02-02 17:26:00,130.40000000,130.77000000,130.12000000,130.69000000,39.80968000
2018-02-02 17:27:00,130.62000000,130.71000000,129.32000000,129.33000000,140.52157000
2018-02-02 17:28:00,129.33000000,130.00000000,129.23000000,129.50000000,88.51164000
2018-02-02 17:29:00,129.23000000,129.45000000,128.05000000,128.05000000,59.75303000
2018-02-02 17:30:00,128.07000000,128.87000000,128.00000000,128.38000000,42.60797000
2018-02-02 17:31:00,128.39000000,129.06000000,128.23000000,129.06000000,135.96421000
2018-02-02 17:32:00,129.11000000,129.50000000,129.10000000,129.19000000,32.61465000
2018-02-02 17:33:00,129.18000000,129.78000000,128.82000000,129.50000000,103.48630000
2018-02-02 17:34:00,129.77000000,130.67000000,128.03000000,130.67000000,282.56085000
2018-02-02 17:35:00,130.87000000,130.87000000,129.78000000,130.33000000,80.56031000
2018-02-02 17:36:00,130.33000000,130.97000000,129.98000000,130.97000000,100.29528000
2018-02-02 17:37:00,131.01000000,131.38000000,130.83000000,131.38000000,10.31473000
2018-02-02 17:38:00,131.25000000,131.25000000,130.68000000,130.68000000,40.46946000
2018-02-02 17:39:00,130.50000000,130.68000000,129.50000000,130.00000000,48.06796000
2018-02-02 17:40:00,130.51000000,130.53000000,129.88000000,129.91000000,91.63024000
2018-02-02 17:41:00,129.94000000,130.24000000,129.52000000,129.52000000,30.89255000
2018-02-02 17:42:00,129.59000000,130.11000000,129.50000000,129.61000000,10.86163000
2018-02-02 17:43:00,129.61000000,129.96000000,129.50000000,129.50000000,10.56091000
2018-02-02 17:44:00,129.50000000,129.50000000,128.66000000,128.66000000,22.47922000
2018-02-02 17:45:00,128.58000000,129.97000000,128.58000000,129.59000000,98.17079000
2018-02-02 17:46:00,129.97000000,129.98000000,128.98000000,128.98000000,58.75313000
2018-02-02 17:47:00,129.49000000,129.49000000,128.99000000,128.99000000,59.08903000
2018-02-02 17:48:00,128.58000000,128.99000000,128.00000000,128.85000000,108.18231000
2018-02-02 17:49:00,128.00000000,128.83000000,127.02000000,127.99000000,48.95143000
2018-02-02 17:50:00,128.00000000,128.02000000,127.22000000,127.22000000,66.77539000
2018-02-02 17:51:00,127.22000000,127.76000000,127.00000000,127.01000000,55.48264000
2018-02-02 17:52:00,127.01000000,127.78000000,127.01000000,127.71000000,63.29744000
2018-02-02 17:53:00,127.71000000,128.38000000,127.71000000,128.38000000,64.37645000
2018-02-02 17:54:00,128.01000000,128.28000000,127.40000000,127.40000000,117.12090000
2018-02-02 17:55:00,127.40000000,127.40000000,127.00000000,127.33000000,22.29544000
2018-02-02 17:56:00,128.27000000,128.56000000,127.33000000,128.56000000,39.40572000
2018-02-02 17:57:00,128.43000000,128.70000000,127.71000000,127.98000000,61.84132000
2018-02-02 17:58:00,127.98000000,128.56000000,127.71000000,128.56000000,92.43371000
2018-02-02 17:59:00,128.38000000,128.80000000,127.01000000,127.26000000,109.10233000
2018-02-02 18:00:00,128.32000000,128.32000000,127.35000000,128.07000000,47.36456000
2018-02-02 18:01:00,128.03000000,128.07000000,128.01000000,128.01000000,269.43196000
2018-02-02 18:02:00,128.01000000,128.08000000,128.01000000,128.08000000,19.69665000
2018-02-02 18:03:00,128.46000000,128.84000000,128.46000000,128.84000000,64.45393000
2018-02-02 18:04:00,128.84000000,128.99000000,128.82000000,128.94000000,48.58278000
2018-02-02 18:05:00,128.94000000,129.00000000,128.65000000,129.00000000,57.34774000
2018-02-02 18:06:00,129.31000000,130.98000000,128.07000000,128.07000000,463.95879000
2018-02-02 18:07:00,128.17000000,128.41000000,128.01000000,128.41000000,69.71730000
2018-02-02 18:08:00,128.41000000,128.76000000,128.41000000,128.45000000,13.60007000
2018-02-02 18:09:00,128.45000000,128.45000000,128.01000000,128.41000000,20.65341000
2018-02-02 18:10:00,128.41000000,128.41000000,128.01000000,128.01000000,84.05114000
2018-02-02 18:11:00,128.01000000,128.46000000,127.06000000,127.96000000,62.53467000
2018-02-02 18:12:00,127.63000000,127.89000000,126.00000000,127.89000000,235.03777000
2018-02-02 18:13:00,127.77000000,127.77000000,127.69000000,127.69000000,10.97593000
2018-02-02 18:14:00,127.49000000,127.54000000,126.99000000,127.53000000,3.87913000
2018-02-02 18:15:00,127.37000000,127.37000000,127.00000000,127.00000000,16.83936000
2018-02-02 18:16:00,127.00000000,127.49000000,127.00000000,127.37000000,87.52259000
2018-02-02 18:17:00,127.49000000,127.49000000,127.35000000,127.38000000,11.98488000
2018-02-02 18:18:00,127.38000000,127.49000000,127.38000000,127.49000000,18.14146000
2018-02-02 18:19:00,127.50000000,127.53000000,127.50000000,127.53000000,81.14945000
2018-02-02 18:20:00,127.53000000,127.70000000,127.20000000,127.68000000,4.87751000
2018-02-02 18:21:00,127.63000000,127.68000000,126.93000000,127.46000000,87.42876000
2018-02-02 18:22:00,127.46000000,127.46000000,126.53000000,126.53000000,38.45009000
2018-02-02 18:23:00,126.53000000,126.92000000,126.26000000,126.52000000,23.23162000
2018-02-02 18:24:00,126.52000000,126.92000000,126.52000000,126.63000000,20.21343000
2018-02-02 18:25:00,126.63000000,126.63000000,126.51000000,126.51000000,243.73601000
2018-02-02 18:26:00,126.51000000,126.59000000,126.51000000,126.51000000,223.76271000
2018-02-02 18:27:00,125.89000000,126.55000000,125.89000000,126.38000000,40.91825000
2018-02-02 18:28:00,126.38000000,126.55000000,126.04000000,126.48000000,149.15356000
2018-02-02 18:29:00,126.48000000,126.48000000,125.89000000,126.00000000,33.58582000
2018-02-02 18:30:00,126.00000000,126.00000000,125.90000000,126.00000000,107.08169000
2018-02-02 18:31:00,125.90000000,126.48000000,125.90000000,126.42000000,26.99371000
2018-02-02 18:32:00,126.55000000,126.97000000,126.34000000,126.34000000,16.11733000
2018-02-02 18:33:00,126.17000000,126.17000000,125.93000000,126.00000000,9.88199000
2018-02-02 18:34:00,126.00000000,126.02000000,125.59000000,126.02000000,7.18389000
2018-02-02 18:35:00,126.02000000,126.81000000,126.02000000,126.35000000,23.60414000
2018-02-02 18:36:00,126.83000000,126.85000000,126.83000000,126.85000000,13.00352000
2018-02-02 18:37:00,126.97000000,126.99000000,126.60000000,126.61000000,6.98820000
2018-02-02 18:38:00,126.96000000,127.00000000,126.66000000,127.00000000,111.33220000
2018-02-02 18:39:00,127.00000000,127.18000000,126.94000000,127.17000000,156.76477000
2018-02-02 18:40:00,127.47000000,127.91000000,126.85000000,126.85000000,51.81342000
2018-02-02 18:41:00,126.85000000,126.98000000,126.84000000,126.98000000,43.08104000
2018-02-02 18:42:00,127.11000000,127.17000000,126.99000000,127.17000000,24.88596000
2018-02-02 18:43:00,126.83000000,127.18000000,126.83000000,127.00000000,24.28707000
2018-02-02 18:44:00,127.02000000,127.05000000,127.02000000,127.05000000,5.29474000
2018-02-02 18:45:00,127.05000000,127.05000000,127.05000000,127.05000000,2.27682000
2018-02-02 18:46:00,127.23000000,127.67000000,127.17000000,127.29000000,137.92406000
2018-02-02 18:47:00,127.16000000,127.16000000,127.03000000,127.03000000,23.15504000
2018-02-02 18:48:00,127.03000000,127.12000000,127.03000000,127.04000000,67.55054000
2018-02-02 18:49:00,126.80000000,126.80000000,126.50000000,126.50000000,26.22270000
2018-02-02 18:50:00,126.50000000,126.50000000,126.34000000,126.35000000,14.25323000
2018-02-02 18:51:00,126.01000000,126.22000000,125.58000000,125.58000000,19.51165000
2018-02-02 18:52:00,126.06000000,126.17000000,125.65000000,125.66000000,19.87215000
2018-02-02 18:53:00,126.08000000,126.20000000,125.71000000,125.74000000,42.96836000
2018-02-02 18:54:00,125.73000000,125.97000000,125.10000000,125.97000000,15.69473000
2018-02-02 18:55:00,125.75000000,126.07000000,125.11000000,126.07000000,136.96720000
2018-02-02 18:56:00,125.71000000,126.20000000,125.68000000,126.19000000,16.84206000
2018-02-02 18:57:00,125.78000000,125.78000000,125.13000000,125.74000000,26.28142000
2018-02-02 18:58:00,125.75000000,125.88000000,125.36000000,125.75000000,30.57111000
2018-02-02 18:59:00,126.05000000,126.74000000,125.48000000,126.17000000,51.43831000
2018-02-02 19:00:00,126.73000000,126.75000000,125.49000000,125.54000000,93.21431000
2018-02-02 19:01:00,125.56000000,125.84000000,125.48000000,125.51000000,30.12918000
2018-02-02 19:02:00,125.84000000,126.29000000,125.84000000,126.14000000,8.01189000
2018-02-02 19:03:00,126.01000000,126.01000000,125.50000000,125.50000000,44.06910000
2018-02-02 19:04:00,125.48000000,125.48000000,125.18000000,125.19000000,19.25999000
2018-02-02 19:05:00,125.48000000,125.48000000,124.88000000,124.88000000,66.54490000
2018-02-02 19:06:00,124.88000000,124.89000000,124.58000000,124.60000000,88.77571000
2018-02-02 19:07:00,124.60000000,125.19000000,124.35000000,124.35000000,54.46776000
2018-02-02 19:08:00,124.36000000,124.94000000,124.34000000,124.69000000,6.20662000
2018-02-02 19:09:00,124.59000000,124.59000000,124.15000000,124.56000000,51.50950000
2018-02-02 19:10:00,124.56000000,124.56000000,124.21000000,124.43000000,5.84493000
2018-02-02 19:11:00,124.43000000,125.00000000,124.16000000,124.31000000,96.27139000
2018-02-02 19:12:00,124.31000000,124.55000000,124.31000000,124.55000000,8.55608000
2018-02-02 19:13:00,124.28000000,124.75000000,124.28000000,124.31000000,6.70979000
2018-02-02 19:14:00,124.31000000,125.01000000,124.31000000,125.01000000,125.51467000
2018-02-02 19:15:00,125.02000000,125.03000000,124.51000000,124.81000000,100.82391000
2018-02-02 19:16:00,125.36000000,126.20000000,125.30000000,126.20000000,98.41848000
2018-02-02 19:17:00,126.20000000,127.00000000,126.20000000,126.98000000,94.43699000
2018-02-02 19:18:00,126.08000000,127.02000000,126.08000000,127.02000000,36.48007000
2018-02-02 19:19:00,127.00000000,127.00000000,125.58000000,125.71000000,150.17395000
2018-02-02 19:20:00,125.71000000,125.71000000,125.13000000,125.46000000,69.59925000
2018-02-02 19:21:00,125.46000000,125.50000000,125.13000000,125.15000000,25.67810000
2018-02-02 19:22:00,125.16000000,125.17000000,125.12000000,125.12000000,12.74932000
2018-02-02 19:23:00,125.10000000,125.10000000,124.96000000,125.10000000,23.97533000
2018-02-02 19:24:00,124.96000000,124.96000000,124.37000000,124.54000000,7.03528000
2018-02-02 19:25:00,124.96000000,124.96000000,124.59000000,124.59000000,11.07604000
2018-02-02 19:26:00,124.96000000,125.00000000,124.60000000,124.93000000,18.24732000
2018-02-02 19:27:00,124.94000000,125.15000000,124.93000000,124.99000000,104.27103000
2018-02-02 19:28:00,124.73000000,125.67000000,124.73000000,125.09000000,25.06457000
2018-02-02 19:29:00,125.15000000,125.46000000,124.81000000,125.20000000,22.93426000
2018-02-02 19:30:00,125.20000000,125.54000000,125.15000000,125.54000000,40.77119000
2018-02-02 19:31:00,125.55000000,125.71000000,125.54000000,125.71000000,108.25957000
2018-02-02 19:32:00,125.98000000,126.00000000,125.72000000,126.00000000,67.99777000
2018-02-02 19:33:00,126.00000000,127.00000000,126.00000000,127.00000000,76.11910000
2018-02-02 19:34:00,127.00000000,127.38000000,126.75000000,127.38000000,53.41551000
2018-02-02 19:35:00,127.87000000,127.89000000,127.00000000,127.00000000,222.10533000
2018-02-02 19:36:00,126.74000000,126.74000000,125.13000000,126.53000000,92.34601000
2018-02-02 19:37:00,126.74000000,126.74000000,125.83000000,125.99000000,60.50982000
2018-02-02 19:38:00,126.35000000,127.12000000,125.95000000,126.61000000,159.60639000
2018-02-02 19:39:00,126.60000000,126.99000000,126.60000000,126.73000000,18.21941000
2018-02-02 19:40:00,126.68000000,127.39000000,126.68000000,127.22000000,22.42527000
2018-02-02 19:41:00,127.39000000,128.24000000,127.04000000,127.95000000,19.94824000
2018-02-02 19:42:00,127.92000000,127.92000000,127.31000000,127.51000000,86.71848000
2018-02-02 19:43:00,127.98000000,128.25000000,126.45000000,126.45000000,92.68573000
2018-02-02 19:44:00,126.48000000,127.30000000,126.48000000,127.30000000,4.24543000
2018-02-02 19:45:00,127.38000000,127.92000000,127.01000000,127.37000000,49.04248000
2018-02-02 19:46:00,127.01000000,127.01000000,126.11000000,126.18000000,34.58097000
2018-02-02 19:47:00,126.25000000,127.04000000,126.25000000,126.95000000,97.98932000
2018-02-02 19:48:00,126.94000000,127.34000000,126.58000000,126.58000000,61.03906000
2018-02-02 19:49:00,126.67000000,126.67000000,126.65000000,126.67000000,32.11898000
2018-02-02 19:50:00,126.67000000,126.96000000,126.67000000,126.67000000,143.91252000
2018-02-02 19:51:00,126.83000000,126.88000000,126.67000000,126.67000000,54.45396000
2018-02-02 19:52:00,126.67000000,126.95000000,126.67000000,126.95000000,39.89018000
2018-02-02 19:53:00,126.95000000,127.00000000,126.95000000,127.00000000,18.58923000
2018-02-02 19:54:00,127.36000000,127.57000000,127.36000000,127.57000000,3.77511000
2018-02-02 19:55:00,127.57000000,127.57000000,127.02000000,127.02000000,16.62656000
2018-02-02 19:56:00,127.21000000,127.21000000,127.00000000,127.00000000,9.17824000
2018-02-02 19:57:00,127.19000000,127.20000000,126.21000000,126.22000000,40.90797000
2018-02-02 19:58:00,126.22000000,126.41000000,126.18000000,126.41000000,54.87348000
2018-02-02 19:59:00,126.34000000,126.55000000,126.33000000,126.55000000,33.02632000
2018-02-02 20:00:00,126.55000000,126.94000000,126.41000000,126.94000000,16.69804000
2018-02-02 20:01:00,126.94000000,126.94000000,126.88000000,126.94000000,2.04987000
2018-02-02 20:02:00,126.94000000,127.15000000,126.55000000,127.13000000,17.87391000
2018-02-02 20:03:00,127.12000000,127.44000000,126.95000000,127.42000000,16.46085000
2018-02-02 20:04:00,127.42000000,127.42000000,127.42000000,127.42000000,0.00000000
2018-02-02 20:05:00,127.02000000,127.41000000,126.57000000,126.57000000,18.36778000
2018-02-02 20:06:00,126.93000000,127.39000000,126.93000000,127.38000000,6.76897000
2018-02-02 20:07:00,127.38000000,127.39000000,127.06000000,127.39000000,4.78136000
2018-02-02 20:08:00,127.39000000,127.50000000,127.06000000,127.38000000,37.46280000
2018-02-02 20:09:00,127.38000000,129.00000000,127.38000000,127.46000000,172.22009000
2018-02-02 20:10:00,127.39000000,127.89000000,127.39000000,127.87000000,76.14892000
2018-02-02 20:11:00,127.54000000,128.17000000,127.54000000,127.63000000,30.94369000
2018-02-02 20:12:00,127.63000000,127.70000000,127.50000000,127.65000000,52.03311000
2018-02-02 20:13:00,127.65000000,128.56000000,127.65000000,128.54000000,54.92426000
2018-02-02 20:14:00,128.54000000,128.54000000,128.20000000,128.53000000,51.84273000
2018-02-02 20:15:00,128.53000000,129.16000000,128.53000000,129.16000000,101.79451000
2018-02-02 20:16:00,129.16000000,129.16000000,128.80000000,129.15000000,84.15891000
2018-02-02 20:17:00,129.50000000,130.74000000,129.20000000,129.50000000,109.61911000
2018-02-02 20:18:00,129.85000000,130.98000000,129.36000000,129.36000000,439.99428000
2018-02-02 20:19:00,129.40000000,130.00000000,128.84000000,130.00000000,174.75979000
2018-02-02 20:20:00,129.27000000,129.50000000,128.87000000,129.24000000,33.24259000
2018-02-02 20:21:00,129.24000000,129.24000000,128.00000000,129.03000000,159.88906000
2018-02-02 20:22:00,128.88000000,129.57000000,128.88000000,129.31000000,16.59939000
2018-02-02 20:23:00,129.17000000,129.20000000,128.72000000,128.72000000,37.37536000
2018-02-02 20:24:00,128.84000000,128.84000000,128.83000000,128.84000000,8.49509000
2018-02-02 20:25:00,128.84000000,128.84000000,127.50000000,128.58000000,104.08983000
2018-02-02 20:26:00,128.58000000,128.67000000,128.08000000,128.15000000,65.34187000
2018-02-02 20:27:00,128.54000000,128.60000000,128.54000000,128.55000000,55.97400000
2018-02-02 20:28:00,128.55000000,128.55000000,128.32000000,128.53000000,24.83745000
2018-02-02 20:29:00,128.51000000,128.54000000,128.51000000,128.53000000,55.68227000
2018-02-02 20:30:00,128.53000000,129.00000000,128.53000000,128.62000000,61.44625000
2018-02-02 20:31:00,128.62000000,128.62000000,128.53000000,128.53000000,26.00000000
2018-02-02 20:32:00,128.90000000,128.90000000,128.53000000,128.58000000,41.51818000
2018-02-02 20:33:00,128.83000000,131.00000000,128.83000000,128.90000000,62.52215000
2018-02-02 20:34:00,128.92000000,129.41000000,128.92000000,129.00000000,57.41058000
2018-02-02 20:35:00,129.41000000,129.41000000,129.07000000,129.07000000,27.37080000
2018-02-02 20:36:00,129.40000000,130.06000000,129.40000000,130.06000000,15.26830000
2018-02-02 20:37:00,130.05000000,130.07000000,129.59000000,129.59000000,19.31998000
2018-02-02 20:38:00,129.50000000,129.53000000,129.10000000,129.53000000,25.20227000
2018-02-02 20:39:00,129.28000000,129.28000000,129.09000000,129.09000000,21.21611000
2018-02-02 20:40:00,129.09000000,129.32000000,129.09000000,129.30000000,17.76670000
2018-02-02 20:41:00,129.30000000,129.30000000,129.20000000,129.20000000,96.61343000
2018-02-02 20:42:00,129.20000000,129.20000000,128.58000000,128.58000000,68.45855000
2018-02-02 20:43:00,128.58000000,128.58000000,128.53000000,128.53000000,360.13445000
2018-02-02 20:44:00,128.53000000,128.53000000,127.91000000,127.95000000,172.25637000
2018-02-02 20:45:00,128.02000000,128.82000000,128.02000000,128.73000000,57.41853000
2018-02-02 20:46:00,128.75000000,128.83000000,128.13000000,128.24000000,22.11184000
2018-02-02 20:47:00,128.24000000,128.36000000,128.24000000,128.36000000,5.19755000
2018-02-02 20:48:00,128.57000000,129.13000000,128.35000000,128.45000000,119.30340000
2018-02-02 20:49:00,128.35000000,128.39000000,128.35000000,128.35000000,1.14515000
2018-02-02 20:50:00,128.00000000,128.00000000,127.50000000,127.50000000,50.43865000
2018-02-02 20:51:00,127.50000000,127.93000000,127.07000000,127.93000000,68.85980000
2018-02-02 20:52:00,127.26000000,127.74000000,127.26000000,127.38000000,24.27544000
2018-02-02 20:53:00,127.73000000,128.00000000,127.73000000,128.00000000,105.87448000
2018-02-02 20:54:00,128.16000000,128.16000000,127.00000000,127.00000000,138.45122000
2018-02-02 20:55:00,127.00000000,127.73000000,127.00000000,127.65000000,115.31728000
2018-02-02 20:56:00,127.27000000,127.55000000,127.27000000,127.55000000,35.04571000
2018-02-02 20:57:00,127.70000000,128.10000000,127.63000000,127.84000000,44.10086000
2018-02-02 20:58:00,127.82000000,128.06000000,127.58000000,127.58000000,8.08940000
2018-02-02 20:59:00,127.37000000,127.70000000,127.30000000,127.30000000,6.20470000
2018-02-02 21:00:00,127.62000000,128.35000000,127.29000000,127.36000000,225.99794000
2018-02-02 21:01:00,127.36000000,127.38000000,127.29000000,127.29000000,45.57271000
2018-02-02 21:02:00,127.29000000,127.30000000,127.29000000,127.30000000,25.96677000
2018-02-02 21:03:00,127.30000000,127.30000000,127.27000000,127.27000000,79.45126000
2018-02-02 21:04:00,127.27000000,127.27000000,127.27000000,127.27000000,45.00000000
2018-02-02 21:05:00,127.27000000,127.27000000,127.26000000,127.26000000,8.64113000
2018-02-02 21:06:00,127.26000000,127.71000000,127.26000000,127.71000000,54.52073000
2018-02-02 21:07:00,127.71000000,127.84000000,127.32000000,127.36000000,24.63894000
2018-02-02 21:08:00,127.36000000,127.36000000,127.01000000,127.01000000,14.65696000
2018-02-02 21:09:00,127.35000000,127.85000000,127.35000000,127.84000000,16.68860000
2018-02-02 21:10:00,127.84000000,128.19000000,127.84000000,127.85000000,48.56990000
2018-02-02 21:11:00,128.33000000,128.33000000,127.85000000,127.85000000,30.95351000
2018-02-02 21:12:00,127.74000000,127.95000000,127.30000000,127.95000000,24.55658000
2018-02-02 21:13:00,127.95000000,128.01000000,127.85000000,127.90000000,15.13592000
2018-02-02 21:14:00,127.90000000,127.92000000,127.55000000,127.55000000,82.32350000
2018-02-02 21:15:00,127.55000000,127.78000000,127.55000000,127.55000000,116.13774000
2018-02-02 21:16:00,127.56000000,127.57000000,127.55000000,127.57000000,64.08967000
2018-02-02 21:17:00,127.57000000,128.05000000,127.55000000,128.05000000,92.32515000
2018-02-02 21:18:00,128.05000000,128.35000000,128.05000000,128.14000000,127.70347000
2018-02-02 21:19:00,128.14000000,128.14000000,127.60000000,127.60000000,16.95431000
2018-02-02 21:20:00,127.64000000,127.64000000,127.58000000,127.64000000,5.24902000
2018-02-02 21:21:00,127.64000000,127.96000000,127.64000000,127.65000000,8.14179000
2018-02-02 21:22:00,127.65000000,127.80000000,127.64000000,127.80000000,69.28753000
2018-02-02 21:23:00,127.80000000,127.80000000,127.67000000,127.67000000,1.01000000
2018-02-02 21:24:00,127.69000000,127.69000000,127.66000000,127.69000000,18.16076000
2018-02-02 21:25:00,127.66000000,127.74000000,127.64000000,127.74000000,48.97854000
2018-02-02 21:26:00,127.75000000,128.01000000,127.75000000,127.96000000,38.71559000
2018-02-02 21:27:00,127.96000000,128.19000000,127.96000000,128.19000000,1.21147000
2018-02-02 21:28:00,128.23000000,128.28000000,128.23000000,128.28000000,1.26348000
2018-02-02 21:29:00,128.35000000,128.50000000,127.96000000,127.96000000,78.66020000
2018-02-02 21:30:00,128.00000000,128.35000000,127.90000000,128.35000000,14.62617000
2018-02-02 21:31:00,128.55000000,128.58000000,128.55000000,128.58000000,5.34804000
